timing,foreaft, lateral,normal
1,-0.05824,0.07336,-0.13012
2,-0.06508,0.06615,-0.14663
3,-0.08214,0.06754,-0.15747
4,-0.09596,0.04878,-0.15424
5,-0.10452,0.05636,-0.14191
6,-0.07501,0.07749,-0.13027
7,-0.09712,0.07187,-0.13795
8,-0.08658,0.08545,-0.13674
9,-0.10166,0.07856,-0.1203
10,-0.10498,0.0557,-0.14315
11,-0.08816,0.05934,-0.12656
12,-0.09187,0.03816,-0.13828
13,-0.08057,0.0653,-0.13774
14,-0.0684,0.06101,-0.11666
15,-0.07528,0.04429,-0.13353
16,-0.12339,0.05963,-0.12846
17,-0.08252,0.06016,-0.13577
18,-0.10591,0.05985,-0.14884
19,-0.10649,0.03903,-0.13584
20,-0.08102,0.05727,-0.16422
21,-0.13395,0.04446,-0.11564
22,-0.11183,0.02702,-0.13702
23,-0.14195,0.10037,-0.15378
24,-0.14932,0.03775,-0.09914
25,-0.15991,0.04686,-0.12749
26,-0.14056,0.03492,-0.09683
27,-0.12263,0.02062,-0.11622
28,-0.13484,0.04594,-0.09749
29,-0.10692,0.04531,-0.12557
30,-0.10128,0.06138,-0.13829
31,-0.11919,0.05909,-0.13848
32,-0.12003,0.05135,-0.14467
33,-0.12068,0.04441,-0.13759
34,-0.11741,0.0217,-0.14093
35,-0.13455,0.07201,-0.13956
36,-0.12969,0.08752,-0.12925
37,-0.14664,0.0693,-0.12674
38,-0.11056,0.04974,-0.14072
39,-0.14166,0.04999,-0.14529
40,-0.14894,0.07177,-0.13684
41,-0.13838,0.04454,-0.13632
42,-0.12311,0.03224,-0.13846
43,-0.14337,0.04934,-0.14019
44,-0.14893,0.04014,-0.14253
45,-0.14273,0.05863,-0.13057
46,-0.13909,0.05565,-0.14615
47,-0.10742,0.0632,-0.14626
48,-0.13371,0.07225,-0.14296
49,-0.14398,0.07565,-0.15496
50,-0.13819,0.04763,-0.12352
51,-0.15203,0.05493,-0.14686
52,-0.14058,0.062,-0.14226
53,-0.16214,0.05718,-0.15047
54,-0.13899,0.08905,-0.15407
55,-0.12944,0.05361,-0.14749
56,-0.14453,0.07395,-0.13042
57,-0.14412,0.05423,-0.14364
58,-0.11693,0.0571,-0.14155
59,-0.13646,0.07174,-0.13334
60,-0.12969,0.03442,-0.11989
61,-0.15004,0.06869,-0.13306
62,-0.15231,0.03319,-0.14755
63,-0.13298,0.06336,-0.13418
64,-0.15303,0.05235,-0.13445
65,-0.14434,0.07749,-0.1245
66,-0.14276,0.04757,-0.12824
67,-0.12705,0.07218,-0.12979
68,-0.15622,0.06843,-0.13599
69,-0.1483,0.0388,-0.14248
70,-0.13786,0.06043,-0.13101
71,-0.11958,0.05551,-0.14034
72,-0.16178,0.06704,-0.12925
73,-0.13723,0.03657,-0.13578
74,-0.15538,0.07205,-0.12201
75,-0.1405,0.05935,-0.12968
76,-0.14474,0.06579,-0.13211
77,-0.15411,0.06262,-0.11793
78,-0.13325,0.07848,-0.12843
79,-0.1522,0.053,-0.12805
80,-0.15166,0.04867,-0.11613
81,-0.1325,0.06214,-0.12559
82,-0.14189,0.06728,-0.1423
83,-0.12427,0.07958,-0.13335
84,-0.16503,0.0494,-0.13571
85,-0.14784,0.05665,-0.13447
86,-0.13011,0.06449,-0.13251
87,-0.15048,0.03618,-0.13347
88,-0.13366,0.05833,-0.13346
89,-0.13271,0.07046,-0.1172
90,-0.15157,0.08651,-0.11386
91,-0.13023,0.0589,-0.1243
92,-0.14982,0.05485,-0.11777
93,-0.10633,0.10626,-0.14166
94,-0.10687,0.06434,-0.1254
95,-0.1361,0.06174,-0.12013
96,-0.10625,0.06826,-0.13277
97,-0.1426,0.08453,-0.13209
98,-0.11151,0.04077,-0.12732
99,-0.12688,0.0909,-0.13301
100,-0.12235,0.0841,-0.14164
101,-0.13816,0.09268,-0.13429
102,-0.13264,0.09554,-0.14431
103,-0.14501,0.06153,-0.14093
104,-0.15828,0.08217,-0.1546
105,-0.14089,0.0576,-0.13779
106,-0.14754,0.08581,-0.12305
107,-0.11863,0.04908,-0.14504
108,-0.14404,0.07328,-0.12866
109,-0.12875,0.06798,-0.11753
110,-0.1359,0.09102,-0.11768
111,-0.15959,0.10342,-0.14423
112,-0.14448,0.05968,-0.11377
113,-0.15265,0.11046,-0.12522
114,-0.14189,0.0825,-0.11729
115,-0.15244,0.07567,-0.11169
116,-0.14662,0.08644,-0.11528
117,-0.12664,0.07738,-0.09662
118,-0.15147,0.10169,-0.11511
119,-0.13842,0.0897,-0.11035
120,-0.15972,0.0899,-0.09785
121,-0.14957,0.06701,-0.11829
122,-0.16953,0.08094,-0.10112
123,-0.1326,0.06879,-0.11034
124,-0.13748,0.04204,-0.10434
125,-0.12391,0.07583,-0.08409
126,-0.15375,0.05287,-0.08507
127,-0.14394,0.09257,-0.09708
128,-0.16456,0.06628,-0.09601
129,-0.14271,0.08566,-0.07931
130,-0.15197,0.08036,-0.08348
131,-0.11653,0.07903,-0.08278
132,-0.17232,0.05213,-0.09557
133,-0.14546,0.09296,-0.08356
134,-0.17057,0.09415,-0.09405
135,-0.16314,0.08681,-0.09598
136,-0.15198,0.08317,-0.10083
137,-0.14886,0.09199,-0.0883
138,-0.17238,0.07847,-0.07691
139,-0.13704,0.0977,-0.0969
140,-0.16874,0.10293,-0.10553
141,-0.15708,0.09263,-0.09786
142,-0.12941,0.09919,-0.10745
143,-0.16356,0.10828,-0.09633
144,-0.16688,0.09276,-0.10574
145,-0.17724,0.10229,-0.08793
146,-0.14232,0.09481,-0.08995
147,-0.20578,0.09458,-0.10819
148,-0.17714,0.08871,-0.09428
149,-0.14939,0.07682,-0.09885
150,-0.18718,0.0887,-0.09882
151,-0.16159,0.09856,-0.08896
152,-0.18888,0.06437,-0.07758
153,-0.15864,0.11562,-0.0998
154,-0.15685,0.08319,-0.09284
155,-0.18453,0.12891,-0.09435
156,-0.18502,0.09772,-0.08148
157,-0.17898,0.07941,-0.08188
158,-0.15498,0.08188,-0.10038
159,-0.16573,0.09538,-0.07258
160,-0.13965,0.06687,-0.06933
161,-0.13759,0.08448,-0.07724
162,-0.17192,0.06862,-0.07082
163,-0.16038,0.06819,-0.07151
164,-0.15707,0.09894,-0.08123
165,-0.18691,0.07825,-0.07226
166,-0.15023,0.09844,-0.06875
167,-0.2062,0.09875,-0.06108
168,-0.19996,0.09036,-0.06695
169,-0.17735,0.10794,-0.05999
170,-0.15754,0.07171,-0.06318
171,-0.16289,0.09267,-0.07747
172,-0.16888,0.10143,-0.07248
173,-0.16788,0.11365,-0.0767
174,-0.17558,0.06255,-0.06448
175,-0.21224,0.08692,-0.06103
176,-0.1762,0.0891,-0.06105
177,-0.18738,0.08866,-0.06492
178,-0.18231,0.10417,-0.05915
179,-0.16,0.09246,-0.06713
180,-0.20603,0.08542,-0.06389
181,-0.18325,0.09954,-0.07492
182,-0.16721,0.07443,-0.07553
183,-0.1563,0.08014,-0.06287
184,-0.14779,0.06137,-0.058
185,-0.18333,0.09643,-0.06566
186,-0.14997,0.0988,-0.06571
187,-0.1262,0.0479,-0.07029
188,-0.17265,0.07669,-0.06982
189,-0.14819,0.09765,-0.07353
190,-0.17416,0.09738,-0.04962
191,-0.1687,0.07479,-0.0739
192,-0.19435,0.10503,-0.06564
193,-0.19352,0.08634,-0.05902
194,-0.16728,0.10689,-0.06204
195,-0.15692,0.0786,-0.07114
196,-0.15858,0.09903,-0.06489
197,-0.13725,0.10138,-0.05302
198,-0.17569,0.06279,-0.06303
199,-0.16191,0.10249,-0.04745
200,-0.15335,0.08947,-0.06587
201,-0.17534,0.0852,-0.06482
202,-0.15665,0.08938,-0.06227
203,-0.18367,0.06091,-0.06604
204,-0.19534,0.07678,-0.06239
205,-0.16561,0.07514,-0.06467
206,-0.19435,0.08108,-0.06136
207,-0.15423,0.11255,-0.06833
208,-0.17331,0.07224,-0.06624
209,-0.1477,0.09206,-0.06093
210,-0.18945,0.10951,-0.05979
211,-0.17477,0.09594,-0.06092
212,-0.13157,0.09765,-0.05799
213,-0.15208,0.10552,-0.06843
214,-0.14783,0.08842,-0.05882
215,-0.15462,0.10084,-0.0561
216,-0.13913,0.08239,-0.0659
217,-0.16268,0.07146,-0.05712
218,-0.14769,0.09857,-0.05709
219,-0.15012,0.10688,-0.06532
220,-0.16675,0.06884,-0.05219
221,-0.12718,0.06829,-0.06185
222,-0.1387,0.08804,-0.04586
223,-0.16661,0.12736,-0.06065
224,-0.17365,0.10147,-0.04743
225,-0.16347,0.10585,-0.05388
226,-0.16405,0.0754,-0.06592
227,-0.16519,0.084,-0.06817
228,-0.16326,0.08498,-0.06389
229,-0.16738,0.06231,-0.06565
230,-0.15563,0.0827,-0.04783
231,-0.18289,0.08642,-0.06582
232,-0.16086,0.08439,-0.05819
233,-0.14286,0.09939,-0.06814
234,-0.14663,0.09755,-0.06229
235,-0.14354,0.07817,-0.05397
236,-0.13911,0.0884,-0.0601
237,-0.14841,0.07939,-0.06087
238,-0.12104,0.06784,-0.06079
239,-0.14631,0.10669,-0.07054
240,-0.16641,0.07155,-0.05646
241,-0.1582,0.06192,-0.05331
242,-0.16128,0.0942,-0.06882
243,-0.15295,0.07118,-0.06553
244,-0.15189,0.08712,-0.0603
245,-0.13833,0.09123,-0.06543
246,-0.15584,0.10582,-0.06479
247,-0.13223,0.10561,-0.06823
248,-0.17756,0.06636,-0.06344
249,-0.15288,0.06911,-0.06081
250,-0.16745,0.08931,-0.06114
251,-0.15657,0.06353,-0.05867
252,-0.15217,0.09082,-0.05619
253,-0.16199,0.08885,-0.06699
254,-0.17818,0.11304,-0.05399
255,-0.1472,0.10799,-0.05391
256,-0.14504,0.10155,-0.06498
257,-0.16925,0.09831,-0.0628
258,-0.19244,0.08659,-0.06595
259,-0.17494,0.08797,-0.06062
260,-0.1651,0.08892,-0.05322
261,-0.1267,0.09609,-0.06687
262,-0.16649,0.08943,-0.05193
263,-0.15344,0.07358,-0.04962
264,-0.15101,0.06407,-0.05106
265,-0.17326,0.11197,-0.06136
266,-0.14635,0.05911,-0.0635
267,-0.15313,0.05832,-0.06273
268,-0.15969,0.07439,-0.05635
269,-0.15169,0.11832,-0.06087
270,-0.15075,0.09095,-0.05504
271,-0.15432,0.06821,-0.06177
272,-0.11508,0.08499,-0.06437
273,-0.1476,0.08224,-0.05478
274,-0.13586,0.09734,-0.07241
275,-0.16841,0.10127,-0.0653
276,-0.16975,0.0897,-0.06481
277,-0.14171,0.08086,-0.05443
278,-0.17708,0.09118,-0.06439
279,-0.15879,0.06973,-0.07035
280,-0.14273,0.09956,-0.05281
281,-0.15513,0.08,-0.04768
282,-0.1763,0.09227,-0.06139
283,-0.16067,0.1038,-0.06284
284,-0.14632,0.06564,-0.07705
285,-0.13246,0.07405,-0.06296
286,-0.16506,0.09419,-0.0644
287,-0.16409,0.08954,-0.05017
288,-0.16181,0.11401,-0.06272
289,-0.17729,0.1064,-0.06216
290,-0.12443,0.08628,-0.06341
291,-0.16107,0.11337,-0.06407
292,-0.17159,0.0845,-0.05513
293,-0.13159,0.10528,-0.06593
294,-0.14367,0.10402,-0.06499
295,-0.13872,0.0882,-0.06237
296,-0.13821,0.11849,-0.05238
297,-0.15315,0.06909,-0.06147
298,-0.14532,0.11073,-0.06023
299,-0.16065,0.05949,-0.0649
300,-0.14193,0.07543,-0.05925
301,-0.15844,0.09264,-0.06798
302,-0.14805,0.10521,-0.05883
303,-0.15424,0.09877,-0.06278
304,-0.12606,0.08574,-0.06857
305,-0.14798,0.11208,-0.05836
306,-0.14874,0.07983,-0.05028
307,-0.14287,0.09494,-0.04487
308,-0.13259,0.08749,-0.06208
309,-0.15035,0.09655,-0.06823
310,-0.15024,0.11582,-0.06528
311,-0.11601,0.0924,-0.06389
312,-0.15436,0.08784,-0.05879
313,-0.16093,0.10813,-0.05483
314,-0.12805,0.08807,-0.06462
315,-0.12013,0.09707,-0.06016
316,-0.12502,0.07453,-0.06331
317,-0.13374,0.09072,-0.05489
318,-0.10711,0.10726,-0.04596
319,-0.15632,0.07923,-0.06517
320,-0.17299,0.1067,-0.04745
321,-0.15019,0.08254,-0.06411
322,-0.14962,0.07996,-0.07035
323,-0.14869,0.09906,-0.06304
324,-0.15351,0.10087,-0.06524
325,-0.14404,0.07649,-0.06672
326,-0.17356,0.09951,-0.06621
327,-0.14673,0.08184,-0.04459
328,-0.15216,0.07601,-0.04436
329,-0.16296,0.09996,-0.06595
330,-0.21663,0.10952,-0.0548
331,-0.17022,0.07906,-0.06101
332,-0.15174,0.10424,-0.06346
333,-0.14926,0.07814,-0.05577
334,-0.13233,0.09338,-0.06292
335,-0.18359,0.10355,-0.06754
336,-0.14495,0.06803,-0.08005
337,-0.12745,0.07249,-0.07005
338,-0.13843,0.08852,-0.04194
339,-0.12935,0.08817,-0.06466
340,-0.16006,0.1226,-0.0606
341,-0.15638,0.07316,-0.05224
342,-0.15039,0.09595,-0.05264
343,-0.17774,0.10247,-0.06522
344,-0.14346,0.07732,-0.06876
345,-0.17151,0.09233,-0.05502
346,-0.1733,0.09904,-0.06667
347,-0.13135,0.10376,-0.06273
348,-0.15012,0.07092,-0.06199
349,-0.10262,0.09888,-0.06963
350,-0.13641,0.10142,-0.05228
351,-0.15115,0.07588,-0.06344
352,-0.13737,0.10108,-0.0555
353,-0.14845,0.11413,-0.03961
354,-0.13691,0.11234,-0.06362
355,-0.15142,0.08531,-0.06489
356,-0.12444,0.05749,-0.06466
357,-0.16278,0.06853,-0.07456
358,-0.14192,0.08543,-0.06769
359,-0.13762,0.04084,-0.07185
360,-0.15007,0.07541,-0.05538
361,-0.13121,0.0552,-0.06082
362,-0.16007,0.0877,-0.06688
363,-0.13644,0.07035,-0.05534
364,-0.14272,0.07111,-0.06474
365,-0.12685,0.09238,-0.04557
366,-0.13413,0.07994,-0.06532
367,-0.14098,0.05544,-0.05605
368,-0.13841,0.09265,-0.06704
369,-0.14719,0.07914,-0.06918
370,-0.14093,0.09227,-0.04714
371,-0.12847,0.0815,-0.05522
372,-0.15308,0.06844,-0.05577
373,-0.12444,0.06907,-0.07222
374,-0.16815,0.08512,-0.04951
375,-0.14477,0.08396,-0.05979
376,-0.13103,0.06793,-0.05687
377,-0.1523,0.08486,-0.05967
378,-0.11595,0.11143,-0.05246
379,-0.1743,0.09581,-0.04963
380,-0.15415,0.07205,-0.05783
381,-0.1283,0.09065,-0.06405
382,-0.14785,0.04919,-0.04467
383,-0.16456,0.0723,-0.06409
384,-0.16708,0.09392,-0.07112
385,-0.1411,0.06758,-0.03983
386,-0.16089,0.10206,-0.06038
387,-0.14675,0.07461,-0.06479
388,-0.15017,0.0773,-0.04633
389,-0.16404,0.09859,-0.0614
390,-0.15326,0.0949,-0.05279
391,-0.14438,0.10283,-0.05447
392,-0.15605,0.07664,-0.0567
393,-0.13774,0.0824,-0.04455
394,-0.14831,0.07781,-0.06358
395,-0.16423,0.08709,-0.05011
396,-0.1557,0.10276,-0.06289
397,-0.15475,0.07019,-0.06227
398,-0.12517,0.09224,-0.06713
399,-0.12422,0.08811,-0.05128
400,-0.14169,0.08524,-0.05536
401,-0.14244,0.09254,-0.05944
402,-0.16187,0.06695,-0.07617
403,-0.13681,0.05081,-0.04791
404,-0.15407,0.08831,-0.06395
405,-0.1403,0.08169,-0.06325
406,-0.12118,0.07295,-0.065
407,-0.14816,0.07076,-0.07324
408,-0.12813,0.04524,-0.03794
409,-0.14989,0.07316,-0.05537
410,-0.12481,0.04211,-0.04909
411,-0.12052,0.0584,-0.06529
412,-0.12883,0.06435,-0.04935
413,-0.14465,0.06703,-0.06314
414,-0.15675,0.06971,-0.0679
415,-0.137,0.03479,-0.05116
416,-0.14641,0.06147,-0.05182
417,-0.12118,0.0562,-0.05694
418,-0.15506,0.05586,-0.06275
419,-0.14185,0.07117,-0.06356
420,-0.13468,0.06966,-0.06712
421,-0.11605,0.07036,-0.07334
422,-0.14643,0.08496,-0.06705
423,-0.11698,0.04407,-0.07234
424,-0.12546,0.02258,-0.06645
425,-0.13516,0.05292,-0.05692
426,-0.11004,0.04815,-0.0585
427,-0.13625,0.08555,-0.06435
428,-0.11969,0.08153,-0.07971
429,-0.14577,0.03806,-0.05311
430,-0.13553,0.0486,-0.05833
431,-0.16056,0.05939,-0.07435
432,-0.1617,0.09238,-0.07789
433,-0.14353,0.07542,-0.06406
434,-0.09317,0.07815,-0.07789
435,-0.13302,0.06112,-0.05468
436,-0.15173,0.05187,-0.0657
437,-0.13511,0.0656,-0.0661
438,-0.13448,0.05237,-0.07634
439,-0.14133,0.04882,-0.06054
440,-0.13859,0.04739,-0.06696
441,-0.12628,0.0768,-0.06773
442,-0.12045,0.05078,-0.06838
443,-0.13508,0.08171,-0.04787
444,-0.13691,0.06807,-0.06125
445,-0.13861,0.07189,-0.05818
446,-0.14435,0.07797,-0.05473
447,-0.13109,0.08152,-0.05472
448,-0.15268,0.06898,-0.06043
449,-0.13048,0.08194,-0.05595
450,-0.13774,0.07976,-0.06936
451,-0.12347,0.06872,-0.07368
452,-0.15316,0.09686,-0.05755
453,-0.13482,0.05624,-0.06828
454,-0.12154,0.03739,-0.07209
455,-0.13009,0.08184,-0.0676
456,-0.14803,0.06245,-0.05141
457,-0.13431,0.04915,-0.0507
458,-0.11442,0.06367,-0.05083
459,-0.15883,0.06145,-0.05279
460,-0.12409,0.08185,-0.05981
461,-0.13641,0.06088,-0.05635
462,-0.12984,0.08503,-0.05181
463,-0.16084,0.05718,-0.05088
464,-0.12836,0.06053,-0.06617
465,-0.14055,0.04263,-0.05935
466,-0.15193,0.05955,-0.05806
467,-0.13522,0.03996,-0.07332
468,-0.14291,0.05529,-0.04102
469,-0.15275,0.05533,-0.05168
470,-0.11932,0.06575,-0.05232
471,-0.12361,0.07618,-0.05983
472,-0.17314,0.05777,-0.06309
473,-0.12075,0.0757,-0.05491
474,-0.14541,0.05447,-0.05247
475,-0.14941,0.07685,-0.05775
476,-0.16838,0.03739,-0.06965
477,-0.17969,0.05019,-0.07011
478,-0.16564,0.06209,-0.07904
479,-0.16156,0.05926,-0.05678
480,-0.1279,0.06136,-0.05083
481,-0.1622,0.06195,-0.07246
482,-0.15446,0.06909,-0.06729
483,-0.16238,0.0603,-0.06998
484,-0.15391,0.05434,-0.0755
485,-0.14799,0.07257,-0.06308
486,-0.17993,0.01415,-0.05587
487,-0.15346,0.03655,-0.04895
488,-0.14227,0.04619,-0.05928
489,-0.15606,0.0736,-0.07145
490,-0.15816,0.03641,-0.06587
491,-0.15565,0.08292,-0.05833
492,-0.16271,0.04924,-0.06551
493,-0.154,0.04377,-0.06027
494,-0.14912,0.01174,-0.06372
495,-0.14404,0.0386,-0.04637
496,-0.16681,0.04437,-0.05928
497,-0.16075,0.05673,-0.04359
498,-0.1354,0.04128,-0.03558
499,-0.1614,0.04941,-0.04633
500,-0.17314,0.08225,-0.03657
501,-0.15769,0.07692,-0.04934
502,-0.18712,0.06371,-0.05029
503,-0.1575,0.06771,-0.04579
504,-0.13191,0.04993,-0.04462
505,-0.17864,0.05148,-0.04104
506,-0.14733,0.03069,-0.04716
507,-0.16766,0.0272,-0.04573
508,-0.15377,0.0369,-0.05183
509,-0.15879,0.06522,-0.0465
510,-0.16715,0.03633,-0.05244
511,-0.17089,0.05235,-0.06922
512,-0.16264,0.05622,-0.04881
513,-0.15481,0.07566,-0.03767
514,-0.1471,0.02769,-0.04023
515,-0.15321,0.07927,-0.03181
516,-0.16408,0.04794,-0.05499
517,-0.15411,0.05596,-0.034
518,-0.16646,0.06016,-0.04689
519,-0.14126,0.04067,-0.03956
520,-0.14294,0.07035,-0.03909
521,-0.16122,0.05626,-0.0372
522,-0.14436,0.03544,-0.03682
523,-0.16128,0.04403,-0.03931
524,-0.14749,0.05593,-0.03434
525,-0.1659,0.06092,-0.05282
526,-0.14621,0.05306,-0.04514
527,-0.15416,0.03739,-0.03477
528,-0.14256,0.04209,-0.04689
529,-0.14157,0.08293,-0.0355
530,-0.14777,0.03527,-0.03924
531,-0.17399,0.0503,-0.03742
532,-0.14981,0.03456,-0.03152
533,-0.16934,0.05974,-0.03135
534,-0.14004,0.04682,-0.03965
535,-0.13869,0.04567,-0.04296
536,-0.16165,0.0273,-0.02294
537,-0.17934,0.04429,-0.02498
538,-0.14443,0.028,-0.04483
539,-0.146,0.05152,-0.04269
540,-0.19484,0.02534,-0.03422
541,-0.16499,0.07805,-0.03102
542,-0.17007,0.02358,-0.03633
543,-0.16183,0.04046,-0.03806
544,-0.19374,0.0413,-0.02718
545,-0.17802,0.03672,-0.01406
546,-0.15515,0.05606,-0.03556
547,-0.16749,0.03799,-0.02847
548,-0.16871,0.04991,-0.01894
549,-0.17242,0.07465,-0.04125
550,-0.18297,0.042,-0.05066
551,-0.15688,0.05721,-0.03244
552,-0.1606,0.05403,-0.03711
553,-0.15926,0.0407,-0.04112
554,-0.19228,0.05861,-0.02613
555,-0.1544,0.0447,-0.0422
556,-0.19407,0.05997,-0.03514
557,-0.14885,0.07985,-0.03463
558,-0.16617,0.03818,-0.03322
559,-0.16501,0.05284,-0.03814
560,-0.14636,0.09433,-0.035
561,-0.14545,0.06371,-0.05803
562,-0.20727,0.06226,-0.06118
563,-0.17222,0.05479,-0.05635
564,-0.1918,0.06201,-0.05571
565,-0.18125,0.06451,-0.05445
566,-0.16085,0.07004,-0.06061
567,-0.184,0.0321,-0.06767
568,-0.18,0.08245,-0.06175
569,-0.17461,0.06652,-0.06201
570,-0.15176,0.06933,-0.07761
571,-0.15825,0.05269,-0.06017
572,-0.1724,0.04884,-0.05914
573,-0.19659,0.08132,-0.06157
574,-0.15599,0.05095,-0.08903
575,-0.1839,0.07124,-0.06791
576,-0.14989,0.08225,-0.07431
577,-0.16498,0.06705,-0.06378
578,-0.18676,0.07245,-0.07352
579,-0.16749,0.0466,-0.06123
580,-0.15371,0.06844,-0.0565
581,-0.17996,0.06375,-0.04179
582,-0.16381,0.06957,-0.0496
583,-0.14124,0.05191,-0.04712
584,-0.15684,0.08412,-0.04354
585,-0.16308,0.04683,-0.02709
586,-0.15634,0.04634,-0.0239
587,-0.16404,0.05586,-0.0236
588,-0.17424,0.06133,-0.02891
589,-0.15323,0.07116,-0.02205
590,-0.14217,0.07968,-0.02675
591,-0.19237,0.06101,-0.03326
592,-0.16283,0.05296,-0.02872
593,-0.18236,0.07232,-0.05346
594,-0.18376,0.06376,-0.0278
595,-0.17435,0.05251,-0.04455
596,-0.19665,0.04524,-0.03116
597,-0.20947,0.04101,-0.04148
598,-0.18498,0.01614,-0.04689
599,-0.18849,0.03704,-0.05625
600,-0.20487,0.05229,-0.05956
601,-0.21301,0.07103,-0.06859
602,-0.19342,0.02386,-0.0494
603,-0.22342,0.03231,-0.06043
604,-0.22494,0.02035,-0.04509
605,-0.22473,0.03775,-0.05507
606,-0.23447,0.03826,-0.04306
607,-0.21987,0.04534,-0.05842
608,-0.22108,0.02181,-0.06378
609,-0.23059,0.02432,-0.06065
610,-0.23356,0.02175,-0.06387
611,-0.24388,0.05488,-0.06793
612,-0.2126,0.04257,-0.09354
613,-0.23982,0.04163,-0.08148
614,-0.17287,0.04055,-0.07794
615,-0.21908,0.04155,-0.08638
616,-0.16767,0.03418,-0.07582
617,-0.1802,0.0353,-0.08694
618,-0.15829,0.04928,-0.07732
619,-0.15725,0.07087,-0.09713
620,-0.17084,0.04625,-0.07849
621,-0.13143,0.07798,-0.08387
622,-0.14397,0.05238,-0.07358
623,-0.18269,0.05748,-0.10473
624,-0.15971,0.06927,-0.10149
625,-0.16842,0.0466,-0.09197
626,-0.16364,0.06679,-0.09565
627,-0.17034,0.0594,-0.10259
628,-0.15827,0.06159,-0.06981
629,-0.16469,0.06665,-0.07861
630,-0.16632,0.04296,-0.0761
631,-0.18648,0.0689,-0.0746
632,-0.15227,0.05233,-0.0688
633,-0.1566,0.06302,-0.08387
634,-0.17664,0.06875,-0.08889
635,-0.15716,0.04978,-0.0909
636,-0.13392,0.0274,0.01343
637,-0.10361,0.09528,0.24003
638,-0.0075,0.06047,0.59436
639,-0.04576,0.20303,0.79098
640,-0.17946,0.25453,0.72709
641,-0.08582,0.1613,0.64074
642,-0.0383,0.16298,0.71506
643,-0.13357,0.15639,0.75832
644,-0.17955,0.14012,0.81692
645,-0.25016,0.1466,0.75127
646,-0.24092,0.14485,0.58428
647,-0.15737,0.14022,0.4418
648,-0.11324,0.1354,0.29623
649,-0.09271,0.10074,0.20749
650,-0.0533,0.10881,0.11713
651,-0.05894,0.06381,0.12925
652,-0.1373,0.06481,0.14096
653,-0.20414,0.07173,0.09326
654,-0.10527,0.099,-0.00626
655,-0.09737,0.09342,0.01401
656,-0.10908,0.11581,0.00607
657,-0.0669,0.12162,-0.04767
658,-0.07967,0.13585,-0.03685
659,-0.11342,0.07304,-0.09048
660,-0.04694,0.11265,-0.05309
661,-0.05492,0.12359,0.02098
662,-0.01739,0.14347,-0.14861
663,-0.01395,0.12481,-0.08095
664,-0.05392,0.09793,-0.098
665,-0.05437,0.10328,-0.04619
666,-0.06787,0.11157,-0.08391
667,-0.10893,0.10982,-0.05813
668,-0.08033,0.10743,-0.04889
669,-0.12337,0.11513,-0.04188
670,-0.11917,0.09488,-0.02649
671,-0.1211,0.09002,-0.04064
672,-0.1351,0.13715,-0.0376
673,-0.13063,0.12314,-0.05056
674,-0.12671,0.09422,-0.0476
675,-0.13456,0.12303,-0.02716
676,-0.12629,0.11116,-0.0628
677,-0.11145,0.0906,-0.04008
678,-0.14133,0.09352,-0.03345
679,-0.16178,0.07601,-0.07033
680,-0.1486,0.08364,-0.04319
681,-0.13246,0.07314,-0.04206
682,-0.14689,0.11105,-0.05081
683,-0.15883,0.12496,-0.05023
684,-0.14679,0.09963,-0.04899
685,-0.12467,0.09949,-0.06005
686,-0.13623,0.1292,-0.03769
687,-0.11833,0.1041,-0.06083
688,-0.12041,0.1535,-0.06741
689,-0.08273,0.15206,-0.07211
690,-0.11251,0.17159,-0.06732
691,-0.10555,0.1738,-0.07
692,-0.12247,0.21502,-0.07046
693,-0.10272,0.18324,-0.05692
694,-0.10406,0.20239,-0.06877
695,-0.09846,0.18489,-0.05103
696,-0.1001,0.20966,-0.05742
697,-0.09751,0.20787,-0.04753
698,-0.13538,0.19868,-0.05836
699,-0.11352,0.19609,-0.05239
700,-0.11886,0.1985,-0.04625
701,-0.10112,0.23,-0.04051
702,-0.13444,0.24557,-0.04193
703,-0.12208,0.24552,-0.03372
704,-0.14584,0.27698,-0.03422
705,-0.12581,0.30176,-0.04417
706,-0.15075,0.26238,-0.02929
707,-0.14807,0.26663,-0.02706
708,-0.16968,0.26163,-0.02492
709,-0.1582,0.28888,-0.00248
710,-0.17059,0.251,0.03497
711,-0.24914,0.21758,0.13717
712,-0.18349,0.26624,0.16951
713,-0.23386,0.26138,0.15191
714,-0.25709,0.23002,0.2294
715,-0.23725,0.17964,0.20937
716,-0.27226,0.14919,0.22266
717,-0.34193,0.10248,0.26859
718,-0.35956,0.12097,0.26729
719,-0.33913,0.14424,0.22272
720,-0.25944,0.07899,0.1867
721,-0.2581,0.13958,0.15636
722,-0.22174,0.11826,0.12524
723,-0.21345,0.17407,0.11666
724,-0.21298,0.16813,0.10454
725,-0.21233,0.15663,0.11098
726,-0.2021,0.15332,0.13594
727,-0.2205,0.17574,0.12074
728,-0.23069,0.20883,0.13093
729,-0.2221,0.15105,0.13964
730,-0.23189,0.20748,0.14768
731,-0.22606,0.19238,0.13976
732,-0.22282,0.1783,0.14676
733,-0.19356,0.21333,0.15142
734,-0.18337,0.18245,0.11803
735,-0.17835,0.16139,0.12324
736,-0.16601,0.1935,0.09038
737,-0.16932,0.16178,0.09674
738,-0.17364,0.19381,0.0821
739,-0.13963,0.16118,0.06572
740,-0.11707,0.17933,0.06862
741,-0.11867,0.18715,0.04283
742,-0.14602,0.17501,0.03242
743,-0.12918,0.17515,0.03265
744,-0.11918,0.16087,0.04467
745,-0.11961,0.16858,0.02498
746,-0.11925,0.15112,0.00085
747,-0.10646,0.15585,0.03301
748,-0.10326,0.16398,0.0278
749,-0.09313,0.15662,0.03185
750,-0.10071,0.15318,0.05874
751,-0.12006,0.19006,0.04767
752,-0.11573,0.15368,0.03418
753,-0.12954,0.17051,0.04267
754,-0.11394,0.18326,0.03438
755,-0.11035,0.20404,0.03911
756,-0.12808,0.21563,0.04107
757,-0.14474,0.20649,0.04437
758,-0.10015,0.21932,0.03564
759,-0.10151,0.21196,0.04802
760,-0.1488,0.19948,0.04702
761,-0.12168,0.22951,0.03947
762,-0.12213,0.23379,0.03536
763,-0.13993,0.19051,0.0542
764,-0.13125,0.20614,0.05156
765,-0.09852,0.1928,0.06786
766,-0.12794,0.16216,0.06419
767,-0.14405,0.16662,0.06763
768,-0.1538,0.17241,0.07812
769,-0.13324,0.18376,0.07326
770,-0.17187,0.14822,0.07673
771,-0.16206,0.17155,0.08374
772,-0.15982,0.12391,0.0771
773,-0.15586,0.1148,0.08866
774,-0.14199,0.15773,0.09173
775,-0.14187,0.12153,0.10346
776,-0.20194,0.12522,0.10337
777,-0.16317,0.13764,0.0911
778,-0.18639,0.1706,0.11008
779,-0.12631,0.12042,0.12132
780,-0.15539,0.16611,0.09446
781,-0.16739,0.14421,0.09
782,-0.16284,0.16225,0.08259
783,-0.15318,0.16128,0.08819
784,-0.14953,0.16928,0.08802
785,-0.15846,0.17088,0.07312
786,-0.16781,0.15889,0.07144
787,-0.12787,0.19885,0.07896
788,-0.14462,0.20052,0.06129
789,-0.12047,0.17501,0.07449
790,-0.12724,0.1569,0.07786
791,-0.13042,0.15715,0.07386
792,-0.09609,0.14321,0.08136
793,-0.14156,0.15684,0.06072
794,-0.13179,0.17915,0.07022
795,-0.14019,0.15128,0.07914
796,-0.13755,0.18296,0.0799
797,-0.14836,0.15712,0.06375
798,-0.13059,0.1465,0.07966
799,-0.14114,0.17795,0.0661
800,-0.1443,0.14778,0.09005
801,-0.13879,0.16428,0.05209
802,-0.15043,0.16672,0.07421
803,-0.14227,0.18098,0.06553
804,-0.13809,0.16022,0.07869
805,-0.13299,0.1485,0.07868
806,-0.12009,0.15403,0.06462
807,-0.11891,0.17344,0.06469
808,-0.14486,0.16946,0.08048
809,-0.16447,0.16951,0.06223
810,-0.13987,0.17381,0.078
811,-0.11774,0.16091,0.06796
812,-0.1581,0.11911,0.06852
813,-0.14523,0.14694,0.06456
814,-0.12527,0.17308,0.06558
815,-0.15011,0.15899,0.06505
816,-0.14607,0.15881,0.07121
817,-0.13084,0.13403,0.0555
818,-0.15692,0.17423,0.07267
819,-0.11088,0.18806,0.06475
820,-0.13395,0.18774,0.07449
821,-0.12586,0.11915,0.06623
822,-0.12525,0.14534,0.06509
823,-0.13525,0.1997,0.0626
824,-0.13181,0.16035,0.06101
825,-0.16198,0.16643,0.07708
826,-0.13537,0.17241,0.06213
827,-0.13811,0.11438,0.08713
828,-0.17256,0.16542,0.07748
829,-0.14602,0.15699,0.06492
830,-0.10725,0.16438,0.06251
831,-0.16958,0.13881,0.07273
832,-0.19224,0.16576,0.07114
833,-0.13469,0.13488,0.08004
834,-0.1478,0.18344,0.0744
835,-0.14897,0.16128,0.07307
836,-0.17595,0.17316,0.0638
837,-0.13481,0.15775,0.07515
838,-0.14911,0.13007,0.06185
839,-0.15022,0.17577,0.06306
840,-0.14239,0.15587,0.08076
841,-0.14311,0.16856,0.0719
842,-0.13323,0.14604,0.07426
843,-0.17756,0.18373,0.07981
844,-0.14716,0.15122,0.08153
845,-0.1636,0.17281,0.07824
846,-0.15854,0.15368,0.07141
847,-0.14959,0.167,0.08265
848,-0.15362,0.14023,0.09429
849,-0.16324,0.15809,0.07478
850,-0.15247,0.15443,0.11185
851,-0.1447,0.15694,0.07828
852,-0.13531,0.14133,0.09668
853,-0.16295,0.13968,0.08277
854,-0.16126,0.1623,0.08036
855,-0.17876,0.17409,0.08422
856,-0.14945,0.18461,0.08949
857,-0.15476,0.15851,0.09643
858,-0.14626,0.13405,0.1007
859,-0.15759,0.14007,0.08248
860,-0.14958,0.14847,0.09087
861,-0.15074,0.16194,0.09893
862,-0.14719,0.14306,0.10342
863,-0.16454,0.13957,0.10476
864,-0.12652,0.14552,0.09372
865,-0.14641,0.11837,0.09058
866,-0.1672,0.11658,0.11039
867,-0.14451,0.14012,0.09757
868,-0.14465,0.13389,0.09256
869,-0.17614,0.15338,0.09351
870,-0.18122,0.13378,0.09718
871,-0.17902,0.15305,0.09809
872,-0.15543,0.17344,0.09751
873,-0.16261,0.12918,0.10952
874,-0.1613,0.17159,0.07628
875,-0.1979,0.16221,0.12206
876,-0.18074,0.17632,0.13436
877,-0.1769,0.20201,0.14759
878,-0.17962,0.17778,0.16974
879,-0.16922,0.18617,0.14957
880,-0.17514,0.16833,0.15458
881,-0.17315,0.18808,0.13984
882,-0.17362,0.17807,0.14778
883,-0.17673,0.20813,0.1707
884,-0.18365,0.17051,0.16097
885,-0.19719,0.19453,0.19868
886,-0.17895,0.21782,0.18798
887,-0.1742,0.20068,0.20175
888,-0.1511,0.22532,0.21376
889,-0.19339,0.22126,0.2113
890,-0.18902,0.24282,0.20131
891,-0.20172,0.26151,0.20772
892,-0.20421,0.23628,0.19846
893,-0.19529,0.24372,0.21016
894,-0.2088,0.24833,0.1989
895,-0.23169,0.2493,0.21403
896,-0.21661,0.24642,0.21089
897,-0.23523,0.23366,0.20814
898,-0.22703,0.18718,0.21769
899,-0.23126,0.19288,0.21591
900,-0.22776,0.18515,0.21932
901,-0.22722,0.21414,0.235
902,-0.2639,0.16646,0.23846
903,-0.24125,0.14905,0.22808
904,-0.26074,0.1448,0.19806
905,-0.23452,0.11827,0.20962
906,-0.24332,0.14327,0.2107
907,-0.27291,0.15031,0.19292
908,-0.25927,0.16737,0.18076
909,-0.31475,0.15855,0.17427
910,-0.32233,0.16718,0.17066
911,-0.31345,0.16728,0.17538
912,-0.34976,0.166,0.16143
913,-0.35501,0.14711,0.17359
914,-0.383,0.1658,0.1843
915,-0.39365,0.16426,0.19247
916,-0.40804,0.13915,0.21038
917,-0.44741,0.12634,0.2364
918,-0.45285,0.10535,0.24263
919,-0.48937,0.10107,0.23505
920,-0.46936,0.10389,0.23714
921,-0.54137,0.11271,0.21686
922,-0.47904,0.14956,0.20999
923,-0.48889,0.10283,0.18626
924,-0.49498,0.10798,0.16729
925,-0.44254,0.12656,0.15671
926,-0.42713,0.12344,0.13627
927,-0.43543,0.1244,0.12118
928,-0.37385,0.1222,0.11171
929,-0.40426,0.14374,0.10289
930,-0.37847,0.1095,0.09561
931,-0.35265,0.1091,0.0817
932,-0.33516,0.13753,0.08098
933,-0.32824,0.10029,0.07213
934,-0.31044,0.11582,0.06848
935,-0.29809,0.0889,0.06449
936,-0.26629,0.11346,0.07065
937,-0.2532,0.10935,0.04166
938,-0.25814,0.09522,0.03193
939,-0.23062,0.08112,0.02773
940,-0.23628,0.09529,0.01621
941,-0.20676,0.1053,0.02044
942,-0.18698,0.0454,-0.0002
943,-0.17836,0.0711,0.03054
944,-0.19065,0.02783,0.01486
945,-0.1393,0.04796,0.00344
946,-0.16053,0.04861,-0.01283
947,-0.20303,0.03275,0.00847
948,-0.16304,0.03508,0.01351
949,-0.18363,0.05133,0.01012
950,-0.17004,0.04288,-0.01528
951,-0.16761,0.03959,0.00565
952,-0.1829,0.06135,-0.02596
953,-0.15434,0.04274,0.00018
954,-0.19007,0.03972,-0.00831
955,-0.15779,0.01636,0.00897
956,-0.15827,0.05408,-0.02509
957,-0.15564,0.04234,-0.01182
958,-0.17912,0.05195,-0.00244
959,-0.15971,0.03545,-0.00639
960,-0.15391,0.03405,0.01037
961,-0.1546,0.05423,-0.01829
962,-0.18613,0.04166,-0.00657
963,-0.15056,0.03596,-0.00766
964,-0.14936,0.01789,-0.01383
965,-0.16314,0.03019,-0.01712
966,-0.17309,0.0369,-0.01664
967,-0.18168,0.01488,-0.00905
968,-0.15224,0.05016,-0.02414
969,-0.14976,0.02874,-0.0263
970,-0.16234,0.0302,-0.01426
971,-0.15264,0.01668,-0.01997
972,-0.16146,0.02796,-0.03276
973,-0.15432,0.01243,-0.01454
974,-0.15139,0.06118,-0.02072
975,-0.12559,0.03719,-0.02091
976,-0.15536,0.01578,-0.04357
977,-0.16956,0.05009,-0.01686
978,-0.16672,0.01477,-0.03586
979,-0.16025,0.0455,-0.04443
980,-0.1542,0.01008,-0.0564
981,-0.14063,0.04158,-0.06539
982,-0.14891,0.01772,-0.02955
983,-0.15877,0.03133,-0.03892
984,-0.17629,0.04736,-0.06773
985,-0.15365,0.00064,-0.04096
986,-0.1605,-0.00209,-0.07083
987,-0.18998,0.01219,-0.05812
988,-0.17206,0.04139,-0.05968
989,-0.17393,0.05141,-0.07411
990,-0.15195,0.02362,-0.05509
991,-0.14901,0.03734,-0.06359
992,-0.17618,0.02776,-0.09454
993,-0.15011,0.04459,-0.07628
994,-0.16815,0.0076,-0.07137
995,-0.15083,0.05674,-0.08417
996,-0.1606,0.03148,-0.08155
997,-0.18558,0.03079,-0.07501
998,-0.202,0.04395,-0.08029
999,-0.16384,0.03117,-0.08628
1000,-0.14664,0.02743,-0.08776
1001,-0.15566,0.06651,-0.08647
1002,-0.1751,0.03033,-0.08846
1003,-0.18097,0.04871,-0.08586
1004,-0.16159,0.03032,-0.07852
1005,-0.15458,0.08318,-0.06622
1006,-0.16239,0.0051,-0.08653
1007,-0.18253,0.05388,-0.07556
1008,-0.19229,0.02709,-0.08018
1009,-0.14429,0.05228,-0.07777
1010,-0.17869,0.03828,-0.0853
1011,-0.18919,0.03046,-0.0975
1012,-0.17532,0.04737,-0.06604
1013,-0.1705,0.06325,-0.09431
1014,-0.18059,0.04069,-0.09762
1015,-0.15263,0.05043,-0.10756
1016,-0.18092,0.04839,-0.09388
1017,-0.15515,0.03436,-0.08553
1018,-0.20387,0.02636,-0.0929
1019,-0.15845,0.05149,-0.10528
1020,-0.19325,0.06602,-0.09471
1021,-0.19374,0.06697,-0.08805
1022,-0.17605,0.05503,-0.09085
1023,-0.18501,0.0553,-0.10032
1024,-0.18264,0.07907,-0.0907
1025,-0.16107,0.06886,-0.0908
1026,-0.14617,0.04192,-0.09361
1027,-0.18313,0.04983,-0.07554
1028,-0.18032,0.07062,-0.08843
1029,-0.17877,0.0364,-0.08895
1030,-0.17778,0.0494,-0.08524
1031,-0.17031,0.06371,-0.09815
1032,-0.16962,0.09219,-0.09389
1033,-0.15812,0.05576,-0.09293
1034,-0.17652,0.05332,-0.09789
1035,-0.15681,0.07693,-0.08839
1036,-0.15443,0.06121,-0.07848
1037,-0.17978,0.02991,-0.0805
1038,-0.15867,0.04119,-0.07144
1039,-0.15498,0.04146,-0.07698
1040,-0.16914,0.06805,-0.07695
1041,-0.19161,0.04976,-0.07018
1042,-0.17415,0.06231,-0.08354
1043,-0.19447,0.06304,-0.07987
1044,-0.16705,0.04726,-0.06551
1045,-0.18474,0.06268,-0.08188
1046,-0.1711,0.03343,-0.07589
1047,-0.17381,0.07533,-0.07048
1048,-0.1838,0.04714,-0.06544
1049,-0.16585,0.0758,-0.08716
1050,-0.19456,0.0451,-0.05887
1051,-0.17714,0.07257,-0.07127
1052,-0.17737,0.06512,-0.06454
1053,-0.17737,0.0593,-0.07816
1054,-0.15043,0.04924,-0.06741
1055,-0.20331,0.08087,-0.0676
1056,-0.16547,0.08875,-0.05557
1057,-0.14249,0.05446,-0.05232
1058,-0.21109,0.08314,-0.05079
1059,-0.1512,0.05878,-0.06046
1060,-0.17267,0.05543,-0.04931
1061,-0.19714,0.05739,-0.05026
1062,-0.16839,0.06679,-0.07082
1063,-0.18498,0.07554,-0.04613
1064,-0.18516,0.0874,-0.0602
1065,-0.18341,0.07823,-0.04697
1066,-0.20215,0.07405,-0.05538
1067,-0.19879,0.06929,-0.05956
1068,-0.18914,0.03822,-0.05882
1069,-0.18471,0.07665,-0.05579
1070,-0.15615,0.04809,-0.05892
1071,-0.21317,0.06234,-0.03455
1072,-0.18602,0.08238,-0.03792
1073,-0.15947,0.05258,-0.04981
1074,-0.20319,0.08199,-0.03926
1075,-0.22237,0.07588,-0.05123
1076,-0.18259,0.05959,-0.05981
1077,-0.16099,0.07624,-0.06053
1078,-0.23173,0.109,-0.04804
1079,-0.17859,0.06336,-0.05617
1080,-0.187,0.05343,-0.05507
1081,-0.20162,0.05519,-0.0579
1082,-0.2006,0.0501,-0.05611
1083,-0.17923,0.04765,-0.05731
1084,-0.19031,0.08344,-0.06225
1085,-0.17998,0.05208,-0.04387
1086,-0.18485,0.05418,-0.05269
1087,-0.1909,0.07326,-0.03673
1088,-0.18485,0.08865,-0.04862
1089,-0.16619,0.06573,-0.05572
1090,-0.18786,0.07732,-0.06026
1091,-0.20815,0.08101,-0.0663
1092,-0.17745,0.0292,-0.03992
1093,-0.15376,0.05173,-0.04448
1094,-0.20716,0.08636,-0.05666
1095,-0.21321,0.04754,-0.03824
1096,-0.18862,0.06373,-0.04077
1097,-0.1822,0.07357,-0.05064
1098,-0.19201,0.06034,-0.04096
1099,-0.18657,0.05092,-0.06112
1100,-0.19654,0.0611,-0.0367
1101,-0.19025,0.04312,-0.05196
1102,-0.22038,0.08527,-0.0397
1103,-0.19608,0.07982,-0.04541
1104,-0.17838,0.06273,-0.04985
1105,-0.20125,0.06729,-0.05425
1106,-0.20187,0.06434,-0.06224
1107,-0.18518,0.06064,-0.05404
1108,-0.19505,0.04574,-0.03487
1109,-0.16954,0.07351,-0.07178
1110,-0.19777,0.10244,-0.05477
1111,-0.21483,0.08147,-0.05576
1112,-0.19928,0.06836,-0.04109
1113,-0.17092,0.07218,-0.05814
1114,-0.18901,0.09796,-0.06144
1115,-0.2131,0.07988,-0.05704
1116,-0.1914,0.06363,-0.0527
1117,-0.17126,0.07975,-0.06635
1118,-0.20341,0.09994,-0.03457
1119,-0.18933,0.06654,-0.05539
1120,-0.18001,0.10393,-0.05169
1121,-0.1605,0.05792,-0.053
1122,-0.20798,0.08356,-0.05596
1123,-0.15433,0.08013,-0.06074
1124,-0.19806,0.04036,-0.06317
1125,-0.16879,0.02985,-0.04057
1126,-0.16657,0.09259,-0.0643
1127,-0.18679,0.06618,-0.05812
1128,-0.22071,0.07095,-0.05808
1129,-0.1704,0.07884,-0.04263
1130,-0.18616,0.06567,-0.03672
1131,-0.19015,0.05416,-0.03451
1132,-0.18258,0.06674,-0.04671
1133,-0.20984,0.07913,-0.06323
1134,-0.2039,0.06447,-0.05387
1135,-0.19365,0.06454,-0.05508
1136,-0.20051,0.07201,-0.04482
1137,-0.19163,0.06298,-0.05886
1138,-0.17639,0.08917,-0.05815
1139,-0.18654,0.05372,-0.06395
1140,-0.19851,0.08391,-0.0269
1141,-0.18503,0.07411,-0.05615
1142,-0.20213,0.05659,-0.05141
1143,-0.22697,0.0715,-0.05565
1144,-0.19891,0.05083,-0.0456
1145,-0.18143,0.06295,-0.04686
1146,-0.19713,0.04959,-0.04002
1147,-0.17172,0.06765,-0.04638
1148,-0.18723,0.07381,-0.06962
1149,-0.20838,0.06378,-0.05372
1150,-0.19502,0.06445,-0.04315
1151,-0.18571,0.05689,-0.05754
1152,-0.1759,0.0676,-0.05937
1153,-0.18603,0.06924,-0.06483
1154,-0.15218,0.0565,-0.03053
1155,-0.18111,0.06554,-0.04861
1156,-0.16179,0.03672,-0.0517
1157,-0.17384,0.06282,-0.0519
1158,-0.1688,0.06278,-0.04955
1159,-0.18378,0.07642,-0.04803
1160,-0.17949,0.04029,-0.06023
1161,-0.16929,0.07038,-0.05671
1162,-0.21677,0.06737,-0.0484
1163,-0.22359,0.05141,-0.05761
1164,-0.19513,0.06742,-0.06228
1165,-0.16167,0.05632,-0.05489
1166,-0.17361,0.03152,-0.05326
1167,-0.16992,0.04335,-0.04736
1168,-0.19413,0.01342,-0.04769
1169,-0.17319,0.02824,-0.05934
1170,-0.22024,0.05499,-0.05456
1171,-0.1881,0.02026,-0.05831
1172,-0.17417,0.04652,-0.0422
1173,-0.18496,0.02918,-0.04617
1174,-0.1945,0.06711,-0.05357
1175,-0.16607,0.06244,-0.03804
1176,-0.20781,0.0469,-0.03645
1177,-0.19199,0.03759,-0.06373
1178,-0.18141,0.05084,-0.03601
1179,-0.18462,0.01697,-0.02779
1180,-0.19201,0.05234,-0.06462
1181,-0.1919,0.08527,-0.04971
1182,-0.20619,0.04551,-0.05578
1183,-0.17737,0.05216,-0.04436
1184,-0.18132,0.04829,-0.04761
1185,-0.19086,0.05862,-0.05861
1186,-0.18298,0.06652,-0.04873
1187,-0.17332,0.03558,-0.03337
1188,-0.16908,0.04898,-0.04778
1189,-0.16753,0.07973,-0.04388
1190,-0.20433,0.03781,-0.05084
1191,-0.21205,0.09768,-0.05688
1192,-0.18441,0.06745,-0.05494
1193,-0.20155,0.05781,-0.05108
1194,-0.19117,0.04252,-0.0413
1195,-0.17254,0.05074,-0.05193
1196,-0.20664,0.07978,-0.05572
1197,-0.16705,0.03607,-0.05417
1198,-0.19726,0.06322,-0.03778
1199,-0.17634,0.03325,-0.04653
1200,-0.19914,0.03087,-0.04394
1201,-0.1738,0.04092,-0.05098
1202,-0.19011,0.04001,-0.05595
1203,-0.16831,0.02993,-0.05639
1204,-0.17821,0.06429,-0.04372
1205,-0.188,0.04367,-0.04852
1206,-0.17476,0.04247,-0.06058
1207,-0.1778,0.05263,-0.05301
1208,-0.16627,0.01897,-0.06386
1209,-0.17009,0.04903,-0.05028
1210,-0.18144,0.05262,-0.05077
1211,-0.15283,0.07142,-0.04193
1212,-0.17279,0.02724,-0.04718
1213,-0.18052,0.03736,-0.05728
1214,-0.17787,0.00983,-0.04306
1215,-0.16021,0.03918,-0.04372
1216,-0.19913,0.05728,-0.05218
1217,-0.18814,0.05842,-0.05943
1218,-0.19154,0.06533,-0.05185
1219,-0.19597,0.05084,-0.05842
1220,-0.15754,0.05661,-0.05871
1221,-0.20097,0.06058,-0.0598
1222,-0.20458,0.01976,-0.05138
1223,-0.17208,0.03364,-0.04989
1224,-0.17608,0.0506,-0.06474
1225,-0.17059,0.0394,-0.0486
1226,-0.19021,0.07006,-0.04825
1227,-0.1693,0.03051,-0.04984
1228,-0.18904,0.04537,-0.0702
1229,-0.18438,0.06995,-0.07565
1230,-0.15441,0.02868,-0.05541
1231,-0.15843,0.03756,-0.06156
1232,-0.19865,0.02592,-0.04778
1233,-0.17216,0.05923,-0.04905
1234,-0.16658,0.01111,-0.04887
1235,-0.138,0.04144,-0.06415
1236,-0.17836,0.04187,-0.06009
1237,-0.19299,0.033,-0.04971
1238,-0.17096,0.04314,-0.04825
1239,-0.16743,0.05083,-0.03561
1240,-0.17718,0.03971,-0.05457
1241,-0.18018,0.0406,-0.04315
1242,-0.1609,0.06699,-0.06554
1243,-0.15775,0.05599,-0.05711
1244,-0.15985,0.04747,-0.04348
1245,-0.17837,0.0459,-0.05116
1246,-0.15348,0.04014,-0.0727
1247,-0.18835,0.05664,-0.05929
1248,-0.17061,0.05265,-0.06331
1249,-0.18912,0.05891,-0.05448
1250,-0.15802,0.04294,-0.04905
1251,-0.171,0.02989,-0.04715
1252,-0.16752,0.0435,-0.06871
1253,-0.19357,0.04538,-0.04851
1254,-0.19006,0.04176,-0.064
1255,-0.18816,0.02822,-0.06116
1256,-0.17926,0.07372,-0.04237
1257,-0.18385,0.05464,-0.06533
1258,-0.13797,0.05373,-0.06023
1259,-0.18406,0.03777,-0.05609
1260,-0.16796,0.05367,-0.04
1261,-0.19675,0.05207,-0.07049
1262,-0.18237,0.06328,-0.04149
1263,-0.18038,0.06399,-0.05229
1264,-0.17989,0.0261,-0.04771
1265,-0.21101,0.04194,-0.01535
1266,-0.19708,0.06093,-0.02502
1267,-0.1918,0.05637,-0.02599
1268,-0.19947,0.04309,-0.0394
1269,-0.22935,0.04872,-0.04581
1270,-0.21215,0.03194,-0.02446
1271,-0.21726,0.05194,-0.02396
1272,-0.21796,0.03551,-0.03298
1273,-0.25132,0.02893,-0.02181
1274,-0.22549,0.07572,-0.0162
1275,-0.20894,0.03455,-0.02886
1276,-0.22146,0.00421,-0.02341
1277,-0.21335,0.05588,-0.0228
1278,-0.20445,0.06283,-0.01662
1279,-0.22218,0.05041,-0.02888
1280,-0.21861,0.02702,-0.0248
1281,-0.21387,0.07449,-0.0237
1282,-0.2112,0.06646,-0.03128
1283,-0.20287,0.05536,-0.04398
1284,-0.17999,0.05603,-0.04879
1285,-0.18853,0.061,-0.04068
1286,-0.19406,0.0581,-0.03696
1287,-0.20568,0.04589,-0.03266
1288,-0.21981,0.05323,-0.03668
1289,-0.19036,0.05393,-0.03655
1290,-0.18185,0.03698,-0.03608
1291,-0.1901,0.0544,-0.03824
1292,-0.16824,0.07792,-0.04414
1293,-0.21314,0.06417,-0.03189
1294,-0.19361,0.05638,-0.04022
1295,-0.20699,0.06806,-0.0448
1296,-0.18774,0.04148,-0.0311
1297,-0.22136,0.056,-0.02859
1298,-0.19142,0.07057,-0.02117
1299,-0.17826,0.05724,-0.02127
1300,-0.20895,0.04883,-0.01173
1301,-0.18707,0.06466,-0.01657
1302,-0.19997,0.06551,-0.02323
1303,-0.209,0.03915,-0.03565
1304,-0.17028,0.044,-0.03348
1305,-0.18546,0.07862,-0.01455
1306,-0.1977,0.06394,-0.01988
1307,-0.18338,0.06777,-0.0276
1308,-0.21319,0.06094,-0.00606
1309,-0.20648,0.09255,-0.01863
1310,-0.19729,0.05088,-0.01334
1311,-0.17667,0.05518,-0.01429
1312,-0.17108,0.07418,-0.02621
1313,-0.21976,0.04197,-0.02084
1314,-0.19077,0.06175,-0.0341
1315,-0.20903,0.07559,-0.00221
1316,-0.1904,0.0512,-0.01453
1317,-0.19364,0.06092,-0.01956
1318,-0.19368,0.07078,-0.00254
1319,-0.18663,0.0641,-0.01916
1320,-0.21055,0.05553,-0.01455
1321,-0.19566,0.04115,-0.01235
1322,-0.18495,0.07598,-0.00325
1323,-0.19154,0.05297,-0.02033
1324,-0.19047,0.05763,-0.00437
1325,-0.19329,0.03045,-0.02107
1326,-0.18374,0.06424,-0.01369
1327,-0.21944,0.0735,-0.00521
1328,-0.19763,0.01517,-0.01654
1329,-0.20571,0.0544,-0.02052
1330,-0.18395,0.06028,-0.02556
1331,-0.19372,0.01834,-0.0183
1332,-0.17758,0.04449,-0.02117
1333,-0.19999,0.04097,-0.02866
1334,-0.17242,0.04038,-0.02787
1335,-0.19086,0.02096,-0.01975
1336,-0.17011,0.0538,-0.02731
1337,-0.16818,0.01201,-0.03231
1338,-0.17636,0.0532,-0.01605
1339,-0.17008,0.03711,-0.03282
1340,-0.19335,0.05611,-0.00672
1341,-0.17614,0.04372,-0.02621
1342,-0.17637,0.03114,-0.03164
1343,-0.17062,0.03127,-0.00761
1344,-0.17665,0.05163,-0.01177
1345,-0.16504,0.05297,0.00022
1346,-0.15843,0.03247,0.00765
1347,-0.18458,0.05712,0.00193
1348,-0.17853,0.08088,0.00894
1349,-0.15943,0.06113,-0.0099
1350,-0.151,0.05902,-0.00049
1351,-0.16913,0.03665,-0.00973
1352,-0.10915,0.00816,-0.00674
1353,-0.14557,0.02658,0.00213
1354,-0.19539,0.0606,-0.00506
1355,-0.1427,0.02664,0.00257
1356,-0.17623,0.00382,0.00807
1357,-0.16423,0.05692,-0.02272
1358,-0.17016,0.04354,-0.01523
1359,-0.18289,0.0634,-0.03503
1360,-0.17885,0.03819,-0.01563
1361,-0.17558,0.04303,-0.01632
1362,-0.16294,0.04516,-0.0287
1363,-0.16467,0.05151,-0.03062
1364,-0.16998,0.05943,-0.01756
1365,-0.18074,0.04381,-0.02194
1366,-0.16762,0.03669,-0.02182
1367,-0.20484,0.054,-0.01965
1368,-0.16211,0.01208,-0.01823
1369,-0.15985,0.03678,-0.02921
1370,-0.13947,0.02952,-0.01547
1371,-0.18611,0.06622,-0.02068
1372,-0.18164,0.06398,-0.01585
1373,-0.16934,0.02132,-0.0308
1374,-0.17243,0.03979,-0.01234
1375,-0.17155,0.02645,-0.01497
1376,-0.19349,0.06054,-0.01369
1377,-0.1873,0.07203,-0.02331
1378,-0.17156,0.04243,-0.02082
1379,-0.18516,0.04949,-0.02975
1380,-0.16424,0.04235,-0.00485
1381,-0.20425,0.02804,-0.02415
1382,-0.15773,0.0569,-0.01358
1383,-0.17854,0.02375,-0.01361
1384,-0.18668,0.03311,-0.022
1385,-0.15622,0.04801,-0.00948
1386,-0.15532,0.05727,-0.02193
1387,-0.16222,0.03958,-0.01998
1388,-0.16492,0.05062,-0.0127
1389,-0.17385,0.04707,-0.01375
1390,-0.16572,0.02376,-0.0088
1391,-0.1938,0.06105,-0.01478
1392,-0.16853,0.05016,-0.01407
1393,-0.17261,0.06737,-0.02519
1394,-0.17403,0.05788,-0.02097
1395,-0.17623,0.04643,-0.01406
1396,-0.18768,0.03098,-0.02775
1397,-0.16308,0.04983,-0.01626
1398,-0.15776,0.0439,-0.03266
1399,-0.1565,0.0362,-0.02064
1400,-0.1673,0.01411,-0.02257
1401,-0.18315,0.04719,-0.01771
1402,-0.17809,0.03063,-0.03392
1403,-0.16641,0.05389,-0.02407
1404,-0.19032,0.04317,-0.02824
1405,-0.19003,0.05142,-0.02589
1406,-0.19866,0.06716,-0.0183
1407,-0.13968,0.00315,-0.01699
1408,-0.18871,0.03389,-0.01813
1409,-0.18643,0.02322,-0.02854
1410,-0.18949,0.06841,-0.03727
1411,-0.18866,0.06064,-0.02702
1412,-0.16725,0.01677,-0.03186
1413,-0.1859,0.05992,-0.02149
1414,-0.20434,0.06183,-0.01303
1415,-0.18462,0.03545,-0.01653
1416,-0.17169,0.02046,-0.04304
1417,-0.1827,0.02657,-0.01297
1418,-0.18189,0.04335,-0.01431
1419,-0.19882,0.05142,-0.01927
1420,-0.16197,0.05467,-0.01304
1421,-0.16908,0.07366,-0.02355
1422,-0.15887,0.05082,-0.03146
1423,-0.19378,0.05049,-0.02912
1424,-0.19982,0.05895,-0.02651
1425,-0.19001,0.04439,-0.02068
1426,-0.21915,0.0739,-0.03067
1427,-0.19107,0.08561,-0.03255
1428,-0.16068,0.05667,-0.01079
1429,-0.20166,0.06983,-0.01048
1430,-0.19274,0.05249,-0.03346
1431,-0.17626,0.03704,-0.02023
1432,-0.16697,0.03165,-0.02132
1433,-0.19986,0.04357,-0.0146
1434,-0.15333,0.05691,-0.01384
1435,-0.20097,0.05521,-0.02643
1436,-0.18473,0.07188,-0.02013
1437,-0.12833,0.06161,-0.02521
1438,-0.1825,0.03782,-0.02292
1439,-0.15193,0.04354,-0.02182
1440,-0.16032,0.05421,-0.02705
1441,-0.17736,0.05334,-0.02579
1442,-0.19471,0.03999,-0.02134
1443,-0.19156,0.06752,-0.02783
1444,-0.18306,0.06581,-0.0247
1445,-0.17513,0.03164,-0.01764
1446,-0.19587,0.07823,-0.02695
1447,-0.17543,0.0909,-0.03358
1448,-0.16305,0.0395,-0.02297
1449,-0.17341,0.06857,-0.02545
1450,-0.19237,0.04326,-0.02519
1451,-0.14878,0.04446,-0.04258
1452,-0.17889,0.04707,-0.02102
1453,-0.14758,0.03279,-0.01744
1454,-0.18341,0.02877,-0.01578
1455,-0.16962,0.05486,-0.03008
1456,-0.16826,0.04985,-0.02473
1457,-0.17531,0.04999,-0.03427
1458,-0.18301,0.06161,-0.0328
1459,-0.14462,0.04252,-0.01744
1460,-0.17782,0.02645,-0.01565
1461,-0.16444,0.07672,-0.02848
1462,-0.17845,0.037,-0.02394
1463,-0.14759,0.05587,-0.02676
1464,-0.1755,0.06457,-0.02394
1465,-0.17474,0.03123,-0.03297
1466,-0.16461,0.04261,-0.01569
1467,-0.16989,0.05073,-0.02156
1468,-0.19198,0.05775,-0.02241
1469,-0.15254,0.07254,-0.02331
1470,-0.17262,0.0371,-0.03276
1471,-0.16885,0.0256,-0.01664
1472,-0.1752,0.04727,-0.02661
1473,-0.1646,0.02828,-0.02158
1474,-0.17351,0.03959,-0.02352
1475,-0.16293,0.025,-0.01827
1476,-0.18114,0.04114,-0.02449
1477,-0.14576,0.02991,-0.03244
1478,-0.17022,0.04055,-0.01874
1479,-0.19359,0.05481,-0.01313
1480,-0.18215,0.05704,-0.01894
1481,-0.1558,0.05916,-0.01751
1482,-0.18384,0.06496,-0.02136
1483,-0.16636,0.04749,-0.02475
1484,-0.17693,0.04582,-0.01411
1485,-0.16123,0.05044,-0.02342
1486,-0.14998,0.05893,-0.01336
1487,-0.1573,0.03681,-0.00229
1488,-0.1515,0.04142,-0.01614
1489,-0.1851,0.05245,-0.01889
1490,-0.15714,0.03629,-0.01231
1491,-0.15702,0.05929,-0.01641
1492,-0.20364,0.06456,-0.02096
1493,-0.15872,0.06401,-0.00921
1494,-0.15303,0.05888,-0.01693
1495,-0.16924,0.07247,-0.01875
1496,-0.14348,0.05954,-0.03073
1497,-0.21725,0.06793,-0.00255
1498,-0.20483,0.07104,-0.01559
1499,-0.16452,0.02697,-0.02103
1500,-0.17489,0.03965,-0.00999
1501,-0.1782,0.02971,-0.00107
1502,-0.16684,0.07528,-0.01001
1503,-0.14426,0.04207,-0.01754
1504,-0.20307,0.05453,-0.02306
1505,-0.17057,0.07416,-0.00634
1506,-0.1511,0.04006,-0.02184
1507,-0.1927,0.05897,-0.01459
1508,-0.17506,0.08136,-0.00208
1509,-0.15248,0.06069,-0.01453
1510,-0.19831,0.04499,0.00574
1511,-0.17279,0.05315,-0.02332
1512,-0.17371,0.04465,-0.01057
1513,-0.17173,0.04825,-0.00071
1514,-0.19465,0.07224,-0.01239
1515,-0.15505,0.09287,-0.02254
1516,-0.20118,0.03663,-0.01169
1517,-0.19169,0.06457,-0.00746
1518,-0.17703,0.10059,0.0029
1519,-0.19979,0.03534,-0.00388
1520,-0.13766,0.01825,-0.00905
1521,-0.16897,0.07252,-0.0056
1522,-0.15293,0.07388,-0.01114
1523,-0.14287,0.05647,-0.02213
1524,-0.17015,0.07333,-0.01177
1525,-0.16872,0.05414,-0.01505
1526,-0.17433,0.05714,-0.00021
1527,-0.17832,0.06692,-0.01386
1528,-0.17575,0.05621,0.00145
1529,-0.15292,0.07671,-0.01354
1530,-0.17954,0.06362,-0.01152
1531,-0.17972,0.06365,-0.01538
1532,-0.15349,0.07242,-0.00561
1533,-0.15888,0.06547,-0.00801
1534,-0.16649,0.07213,-0.00611
1535,-0.16138,0.0595,0.00228
1536,-0.16771,0.06752,-0.00883
1537,-0.15086,0.07592,-0.02473
1538,-0.17871,0.06078,0.00299
1539,-0.15796,0.05261,-0.0025
1540,-0.15956,0.05608,-0.00651
1541,-0.19627,0.06916,-0.01089
1542,-0.14936,0.05749,-0.01806
1543,-0.14811,0.08063,-0.00657
1544,-0.15051,0.114,0.00119
1545,-0.18503,0.09299,0.00815
1546,-0.18651,0.09176,-0.01248
1547,-0.16216,0.04918,-0.00998
1548,-0.17834,0.05703,-0.00269
1549,-0.15786,0.06843,0.00958
1550,-0.16246,0.11224,-0.01121
1551,-0.17071,0.06461,0.00583
1552,-0.18186,0.08087,-0.00665
1553,-0.14368,0.06559,0.00378
1554,-0.15854,0.07098,-0.00527
1555,-0.16104,0.04478,0.00596
1556,-0.18204,0.08799,0.00916
1557,-0.17148,0.06789,0.00498
1558,-0.1833,0.05591,0.00774
1559,-0.19888,0.06553,-0.00368
1560,-0.16888,0.05399,0.01097
1561,-0.1756,0.07208,0.00347
1562,-0.15789,0.05688,0.00553
1563,-0.17464,0.07072,-0.01069
1564,-0.1629,0.08361,0.00221
1565,-0.17622,0.0551,0.01131
1566,-0.17183,0.05972,-0.00167
1567,-0.16268,0.05572,-0.00604
1568,-0.18201,0.06288,0.00346
1569,-0.16917,0.04439,0.00246
1570,-0.1794,0.04925,0.00035
1571,-0.13792,0.02299,-0.00493
1572,-0.1601,0.06423,-0.00278
1573,-0.17962,0.08776,-0.00444
1574,-0.16214,0.06031,-0.00044
1575,-0.15755,0.06506,0.00458
1576,-0.1884,0.07478,0.01471
1577,-0.19495,0.0603,0.00447
1578,-0.19472,0.07405,-0.00394
1579,-0.1958,0.06548,-0.01376
1580,-0.17376,0.0801,-0.0017
1581,-0.16526,0.06402,-0.0111
1582,-0.17237,0.07055,-0.00364
1583,-0.15515,0.07528,0.00846
1584,-0.1551,0.06116,-0.00804
1585,-0.19329,0.06121,-0.00061
1586,-0.13744,0.08575,-0.00466
1587,-0.14878,0.04642,0.00037
1588,-0.16188,0.06148,0.01364
1589,-0.16101,0.02186,-0.00479
1590,-0.1813,0.05346,-0.00248
1591,-0.19129,0.07347,0.00587
1592,-0.16529,0.06378,-0.00678
1593,-0.15655,0.05551,0.01009
1594,-0.17527,0.04134,-0.01045
1595,-0.17158,0.081,0.00272
1596,-0.16494,0.06834,-0.00937
1597,-0.16258,0.08085,-0.00961
1598,-0.17514,0.04693,-0.01694
1599,-0.17709,0.06406,3E-05
1600,-0.15384,0.06551,0.0075
1601,-0.15748,0.05684,0.00168
1602,-0.1517,0.05469,-0.00258
1603,-0.17334,0.05043,-0.00189
1604,-0.17258,0.06711,-0.00076
1605,-0.14355,0.07043,0.00337
1606,-0.15306,0.07699,0.00132
1607,-0.15295,0.08813,-0.01416
1608,-0.1759,0.0605,0.0079
1609,-0.15612,0.06898,0.00567
1610,-0.14689,0.0696,-0.00207
1611,-0.17987,0.06754,0.00714
1612,-0.16806,0.07401,-0.0104
1613,-0.15088,0.06047,0.01261
1614,-0.1663,0.09272,0.0008
1615,-0.15515,0.08121,0.00646
1616,-0.14072,0.06277,0.01022
1617,-0.17495,0.04839,0.00668
1618,-0.15498,0.08228,-0.00042
1619,-0.16676,0.06298,0.00582
1620,-0.17153,0.02962,0.00641
1621,-0.18098,0.04735,-0.00534
1622,-0.16715,0.04672,-0.00913
1623,-0.16309,0.06306,0.00112
1624,-0.15162,0.06041,-0.0003
1625,-0.17091,0.05737,0.01042
1626,-0.17182,0.05515,-0.01689
1627,-0.15907,0.07058,-0.00325
1628,-0.14777,0.042,-0.00426
1629,-0.15382,0.03347,-0.00569
1630,-0.15213,0.04372,0.00845
1631,-0.18445,0.06643,-0.00249
1632,-0.1135,0.05373,-0.00733
1633,-0.1714,0.04746,-0.01181
1634,-0.16839,0.06641,-0.00109
1635,-0.18279,0.06708,0.00541
1636,-0.12274,0.05001,-0.009
1637,-0.18474,0.05985,0.0096
1638,-0.13549,0.07034,0.00233
1639,-0.15856,0.06191,-0.00577
1640,-0.11877,0.04965,0.00474
1641,-0.16017,0.07699,0.00127
1642,-0.14619,0.03057,-0.00998
1643,-0.14516,0.04372,0.00354
1644,-0.12285,0.06515,-0.00222
1645,-0.14782,0.04018,0.01186
1646,-0.15564,0.03222,-0.00812
1647,-0.17157,0.05169,-0.00253
1648,-0.14958,0.04788,-0.00771
1649,-0.15321,0.07322,-0.01153
1650,-0.15285,0.06612,-0.00793
1651,-0.16834,0.03689,-0.00363
1652,-0.19026,0.06122,0.01088
1653,-0.13362,0.06294,0.00258
1654,-0.11954,0.04086,-0.00105
1655,-0.17181,0.0626,0.00601
1656,-0.14715,0.04426,0.00028
1657,-0.17215,0.0601,0.01048
1658,-0.15909,0.03842,0.00691
1659,-0.17172,0.06676,-0.00267
1660,-0.1406,0.03365,0.00519
1661,-0.16811,0.05611,-0.0016
1662,-0.14862,0.04042,0.01294
1663,-0.17333,0.05073,-0.00933
1664,-0.15707,0.04666,-0.001
1665,-0.13598,0.0419,0.00455
1666,-0.15374,0.07991,0.00391
1667,-0.15214,0.06109,-0.01958
1668,-0.17215,0.06133,0.00179
1669,-0.18075,0.05423,0.00255
1670,-0.165,0.08372,-0.00487
1671,-0.14924,0.04075,-0.01577
1672,-0.12516,0.06007,0.00441
1673,-0.1639,0.07689,-0.00379
1674,-0.15555,0.07055,-0.01338
1675,-0.16466,0.07363,0.00221
1676,-0.18111,0.05955,-0.00207
1677,-0.13797,0.03049,0.00497
1678,-0.14399,0.05561,0.00348
1679,-0.16069,0.03383,0.00475
1680,-0.15195,0.04756,-0.00323
1681,-0.14529,0.03578,-0.00859
1682,-0.16473,0.08059,0.00588
1683,-0.1783,0.04009,-0.01532
1684,-0.13605,0.04189,-0.0096
1685,-0.15618,0.04134,-0.00527
1686,-0.15206,0.0518,-0.00534
1687,-0.15411,0.04937,-0.00529
1688,-0.14171,0.04082,-0.00827
1689,-0.17425,0.06573,-0.01029
1690,-0.17023,0.0834,-0.00329
1691,-0.18391,0.07048,-0.00271
1692,-0.17162,0.05116,0.01903
1693,-0.16514,0.07033,-0.0089
1694,-0.15652,0.05235,-0.00057
1695,-0.1665,0.07553,0.00774
1696,-0.20067,0.05794,-0.01492
1697,-0.16656,0.07697,-0.00113
1698,-0.16297,0.0551,-0.00569
1699,-0.15199,0.07609,-0.00921
1700,-0.15552,0.05056,-0.01688
1701,-0.15198,0.04275,-0.0126
1702,-0.14941,0.02178,0.00606
1703,-0.19416,0.07413,-0.0022
1704,-0.17583,0.0373,-0.00164
1705,-0.15503,0.05724,-0.00917
1706,-0.15887,0.05038,0.00364
1707,-0.14553,0.07439,-0.00857
1708,-0.16517,0.02889,0.00421
1709,-0.19338,0.02787,-0.00118
1710,-0.16841,0.06438,-0.0168
1711,-0.19088,0.05796,-0.01141
1712,-0.16105,0.05565,-0.01034
1713,-0.17112,0.05807,-0.00314
1714,-0.16037,0.05996,-0.01475
1715,-0.15722,0.05042,0.00527
1716,-0.17932,0.04376,0.00265
1717,-0.18391,0.07844,-0.00242
1718,-0.13916,0.04655,-0.00614
1719,-0.17315,0.04375,-0.00481
1720,-0.20188,0.0917,0.00471
1721,-0.18503,0.03322,-0.00667
1722,-0.1782,0.07899,-0.00937
1723,-0.16587,0.07658,0.00326
1724,-0.16304,0.06026,-0.00842
1725,-0.17326,0.05035,-0.01581
1726,-0.15304,0.09336,-0.01072
1727,-0.16194,0.03244,-0.00132
1728,-0.15192,0.0536,-0.01243
1729,-0.16493,0.07322,-0.00214
1730,-0.14712,0.06655,0.00144
1731,-0.16181,0.05838,-0.02079
1732,-0.1556,0.07095,-0.02202
1733,-0.13058,0.07619,-0.00432
1734,-0.15274,0.04294,0.00441
1735,-0.17086,0.06379,-0.01113
1736,-0.15638,0.05967,0.00194
1737,-0.16447,0.07579,0.00667
1738,-0.17724,0.07004,-0.0184
1739,-0.16697,0.03448,0.00142
1740,-0.17213,0.08576,0.00454
1741,-0.14689,0.04717,-0.00225
1742,-0.15113,0.03988,-0.0143
1743,-0.16896,0.08122,0.0001
1744,-0.1528,0.04668,-0.01998
1745,-0.1603,0.06206,0.00891
1746,-0.18373,0.0642,0.00041
1747,-0.15029,0.07683,-0.02179
1748,-0.15926,0.07018,-0.01446
1749,-0.18123,0.05748,-0.00526
1750,-0.14043,0.05892,0.0032
1751,-0.17121,0.04252,-0.01569
1752,-0.15248,0.05886,-0.00528
1753,-0.14736,0.037,-0.01395
1754,-0.14014,0.04811,-0.00036
1755,-0.17825,0.06789,0.00259
1756,-0.17738,0.06457,-0.00837
1757,-0.18035,0.07129,-0.00401
1758,-0.16863,0.06044,-0.01087
1759,-0.15429,0.03788,-0.01615
1760,-0.17112,0.04182,0.00012
1761,-0.15905,0.07282,-0.00462
1762,-0.17429,0.04682,0.01932
1763,-0.17984,0.06086,0.0009
1764,-0.17459,0.10296,-0.02137
1765,-0.15609,0.05915,0.00376
1766,-0.1498,0.06913,-0.01497
1767,-0.14435,0.04809,0.00408
1768,-0.15716,0.04964,0.0032
1769,-0.12169,0.04333,-0.00417
1770,-0.18426,0.04423,-0.00362
1771,-0.14975,0.05407,-0.01186
1772,-0.17995,0.06039,-0.00868
1773,-0.19219,0.08512,0.00482
1774,-0.16374,0.02396,-0.00614
1775,-0.1466,0.06985,-0.00901
1776,-0.15796,0.06298,-0.01279
1777,-0.14586,0.06963,0.00077
1778,-0.1559,0.05073,0.00046
1779,-0.19971,0.07493,-0.01488
1780,-0.14874,0.05264,0.00419
1781,-0.16235,0.05462,-0.02733
1782,-0.1625,0.05291,-0.01054
1783,-0.1814,0.07202,-0.00512
1784,-0.17752,0.05166,-0.0119
1785,-0.19581,0.07567,-0.01387
1786,-0.16031,0.09009,-0.01257
1787,-0.17347,0.07386,-0.01508
1788,-0.15538,0.0579,0.0016
1789,-0.14039,0.06979,-0.02188
1790,-0.17103,0.06353,0.00017
1791,-0.16998,0.05487,-0.01147
1792,-0.15387,0.05735,-0.01393
1793,-0.16206,0.05219,-0.00413
1794,-0.15216,0.06375,-0.00746
1795,-0.13834,0.05627,0.00659
1796,-0.17317,0.07395,0.0115
1797,-0.14551,0.03739,-0.01124
1798,-0.17214,0.04971,-0.00646
1799,-0.16224,0.06957,-0.00677
1800,-0.15926,0.07662,0.01323
1801,-0.14749,0.05968,-0.0043
1802,-0.16775,0.06739,-0.01595
1803,-0.16572,0.07656,-0.01764
1804,-0.1742,0.06807,-0.01807
1805,-0.18422,0.08029,-0.00661
1806,-0.15982,0.06069,-0.00447
1807,-0.1658,0.06117,-0.00357
1808,-0.13296,0.04571,-0.00265
1809,-0.19057,0.06692,-0.01203
1810,-0.17535,0.06838,-0.0076
1811,-0.16432,0.02835,-0.01117
1812,-0.18239,0.06178,-0.00962
1813,-0.18497,0.07476,0.00339
1814,-0.16924,0.0944,-0.02945
1815,-0.15297,0.05459,-0.00334
1816,-0.14686,0.07417,-0.02318
1817,-0.19514,0.09032,-0.00316
1818,-0.17723,0.06655,-0.01648
1819,-0.17266,0.08413,-0.01323
1820,-0.1691,0.0632,-0.01031
1821,-0.17351,0.06957,-0.01455
1822,-0.14912,0.06883,-0.0044
1823,-0.14863,0.04981,0.00311
1824,-0.17706,0.07022,-0.00252
1825,-0.18239,0.07201,0.00035
1826,-0.15097,0.0447,0.0014
1827,-0.17167,0.05496,-0.01506
1828,-0.18468,0.03672,-0.00244
1829,-0.14857,0.04339,0.00262
1830,-0.18331,0.0716,-0.01073
1831,-0.15656,0.06506,-0.02269
1832,-0.15422,0.08568,0.00294
1833,-0.16134,0.05321,-0.00311
1834,-0.18809,0.06322,-0.00733
1835,-0.15997,0.04104,0.00063
1836,-0.17798,0.07263,-0.01753
1837,-0.14856,0.05462,-0.003
1838,-0.14253,0.06526,-0.00872
1839,-0.15305,0.0594,-0.00488
1840,-0.18244,0.07768,-0.00224
1841,-0.14635,0.05699,0.00261
1842,-0.15074,0.04659,-0.00402
1843,-0.17141,0.05453,-0.01065
1844,-0.17765,0.06338,-0.01076
1845,-0.16134,0.04505,-0.01767
1846,-0.17189,0.0287,-0.01494
1847,-0.17205,0.06102,-0.00762
1848,-0.1815,0.0772,-0.00116
1849,-0.1793,0.06396,-0.00567
1850,-0.17187,0.06898,-0.00374
1851,-0.1667,0.05704,-0.00948
1852,-0.16602,0.07259,0.00464
1853,-0.18402,0.075,-0.01397
1854,-0.18734,0.08832,-0.00281
1855,-0.17403,0.09877,-0.00218
1856,-0.16101,0.07488,-0.00456
1857,-0.14826,0.02886,0.00864
1858,-0.17296,0.07968,-0.01109
1859,-0.1858,0.0605,-0.00335
1860,-0.16443,0.08423,-0.00819
1861,-0.16659,0.07809,-0.01026
1862,-0.1826,0.07336,-0.00296
1863,-0.18226,0.04358,-0.00053
1864,-0.18277,0.06875,0.00379
1865,-0.14797,0.05993,-0.00024
1866,-0.19006,0.08066,-0.00085
1867,-0.18545,0.05022,0.00464
1868,-0.15922,0.0827,-0.00956
1869,-0.17363,0.04513,0.00386
1870,-0.17236,0.04656,-0.01195
1871,-0.15945,0.07122,-0.00498
1872,-0.17868,0.0848,-0.00662
1873,-0.16292,0.07661,0.00709
1874,-0.14193,0.07647,-0.00391
1875,-0.15478,0.05286,0.00494
1876,-0.17141,0.06759,-0.01436
1877,-0.14037,0.05031,-0.00495
1878,-0.17193,0.04552,-0.01563
1879,-0.13497,0.0699,-0.00792
1880,-0.16426,0.06411,-0.00873
1881,-0.16359,0.04741,-0.01471
1882,-0.14918,0.08055,-0.00829
1883,-0.1747,0.05028,-0.01129
1884,-0.19559,0.06547,-0.00579
1885,-0.14885,0.0563,-0.00044
1886,-0.15954,0.06088,-0.00256
1887,-0.15778,0.07614,-0.01469
1888,-0.16001,0.06985,-0.01777
1889,-0.15877,0.06715,0.00385
1890,-0.18629,0.07768,0.01005
1891,-0.163,0.06886,-0.0142
1892,-0.15419,0.07244,-0.00642
1893,-0.15651,0.06949,-0.01303
1894,-0.15743,0.06189,-0.0156
1895,-0.14732,0.07883,0.00811
1896,-0.18394,0.06813,-0.01445
1897,-0.17662,0.08355,0.00473
1898,-0.16775,0.04427,-0.00068
1899,-0.16932,0.06743,-0.00242
1900,-0.18571,0.07383,-0.00225
1901,-0.14642,0.08815,-0.01238
1902,-0.15152,0.06959,-0.00881
1903,-0.18324,0.06826,-0.01135
1904,-0.17466,0.06955,0.00281
1905,-0.17235,0.0559,-0.00476
1906,-0.16903,0.04434,-0.00401
1907,-0.17195,0.05674,-0.01748
1908,-0.16471,0.06877,-0.01145
1909,-0.18922,0.08086,-0.01603
1910,-0.18198,0.10075,-0.01475
1911,-0.15277,0.07579,-0.0034
1912,-0.17942,0.06755,-0.02305
1913,-0.17952,0.05707,-0.00862
1914,-0.14626,0.04015,-0.0149
1915,-0.15202,0.03633,-0.01074
1916,-0.15657,0.06778,-0.01392
1917,-0.15794,0.07989,-0.02355
1918,-0.15836,0.03688,0.00111
1919,-0.21025,0.06488,-0.00848
1920,-0.15882,0.05706,-0.00235
1921,-0.17783,0.07044,-0.01527
1922,-0.17903,0.05349,-0.0102
1923,-0.15807,0.06111,-0.00474
1924,-0.16753,0.08514,-0.01371
1925,-0.17157,0.0613,-0.01888
1926,-0.16355,0.07949,0.00567
1927,-0.18937,0.03663,-0.00774
1928,-0.16574,0.07486,-0.01367
1929,-0.1613,0.05853,-0.02115
1930,-0.15191,0.05795,-0.01108
1931,-0.19071,0.08481,-0.01302
1932,-0.15747,0.06838,-0.01692
1933,-0.18146,0.08459,-0.01672
1934,-0.16782,0.06144,-0.01119
1935,-0.16629,0.07147,0.00364
1936,-0.21172,0.06814,-0.02278
1937,-0.15277,0.07735,-0.00257
1938,-0.15825,0.06771,-0.027
1939,-0.20683,0.0539,-0.01023
1940,-0.19075,0.07042,-0.00936
1941,-0.16428,0.04765,-0.00314
1942,-0.18148,0.07867,-0.0184
1943,-0.18135,0.07318,-0.01363
1944,-0.17139,0.0634,-0.01121
1945,-0.15775,0.06374,0.00349
1946,-0.1739,0.06722,-0.01608
1947,-0.19805,0.10438,-0.02277
1948,-0.16977,0.07066,-0.00181
1949,-0.16167,0.07642,-0.00716
1950,-0.17384,0.08051,-0.00225
1951,-0.1847,0.06957,-0.007
1952,-0.20486,0.06576,-0.00576
1953,-0.15786,0.10147,-0.01412
1954,-0.17205,0.07404,-0.01251
1955,-0.21382,0.08104,-0.02341
1956,-0.15211,0.08227,-0.01335
1957,-0.17721,0.08596,-0.02404
1958,-0.1711,0.08068,-0.00569
1959,-0.16158,0.05918,-0.01844
1960,-0.18722,0.04051,-0.01672
1961,-0.13703,0.05121,-0.01368
1962,-0.1501,0.04355,0.00251
1963,-0.17103,0.06248,-0.00991
1964,-0.16409,0.07625,-0.01773
1965,-0.14962,0.04606,-0.0144
1966,-0.15663,0.07457,-0.00238
1967,-0.15852,0.05365,-0.00899
1968,-0.18208,0.08898,-0.0015
1969,-0.17871,0.06054,-0.00725
1970,-0.15277,0.05401,-0.02688
1971,-0.17534,0.07735,-0.01792
1972,-0.17853,0.0601,-0.0125
1973,-0.15719,0.07118,-0.02189
1974,-0.16528,0.04988,-0.02704
1975,-0.17468,0.0545,-0.02674
1976,-0.16573,0.10519,-0.01864
1977,-0.17418,0.06108,-0.02318
1978,-0.15656,0.09674,-0.00155
1979,-0.18636,0.09129,-0.00515
1980,-0.18532,0.04559,-0.00129
1981,-0.18189,0.08104,-0.02003
1982,-0.16495,0.06826,-0.00815
1983,-0.16867,0.03872,-0.00779
1984,-0.17297,0.08793,-0.01343
1985,-0.19123,0.08564,-0.01608
1986,-0.18206,0.07229,-0.01691
1987,-0.15818,0.05103,-0.00779
1988,-0.19588,0.08538,-0.01054
1989,-0.16435,0.08714,-0.01471
1990,-0.16288,0.08629,-0.00536
1991,-0.14695,0.05729,-0.00823
1992,-0.18982,0.0619,-0.01595
1993,-0.16518,0.07876,-0.00155
1994,-0.16855,0.07171,-0.01597
1995,-0.15616,0.07667,-0.01106
1996,-0.17117,0.06169,-0.01662
1997,-0.17015,0.07728,-0.00672
1998,-0.16316,0.07442,-0.0177
1999,-0.17574,0.03819,-0.00734
2000,-0.17451,0.04089,-0.00732
2001,-0.15848,0.10993,-0.00807
2002,-0.17169,0.07076,-0.01235
2003,-0.1437,0.07005,-0.00955
2004,-0.17062,0.0544,-0.01378
2005,-0.16606,0.06301,-0.02627
2006,-0.16494,0.05499,-0.01204
2007,-0.15903,0.06018,-0.0022
2008,-0.17567,0.08506,-0.01974
2009,-0.15247,0.0542,-0.02162
2010,-0.15965,0.09165,-0.00777
2011,-0.14283,0.08095,-0.01716
2012,-0.15401,0.07624,0.00498
2013,-0.16645,0.04602,0.00315
2014,-0.16224,0.09637,-0.01532
2015,-0.18293,0.07036,-0.01094
2016,-0.17382,0.08733,-0.01783
2017,-0.16495,0.06744,-0.00722
2018,-0.1651,0.08245,-0.01606
2019,-0.17168,0.06648,-0.00717
2020,-0.17984,0.08275,-0.01494
2021,-0.18092,0.04642,-0.01746
2022,-0.15712,0.05246,-0.01349
2023,-0.16188,0.05828,-0.02104
2024,-0.15706,0.07688,-0.00676
2025,-0.17867,0.05823,-0.00786
2026,-0.1867,0.06485,-0.00552
2027,-0.17537,0.09032,-0.00602
2028,-0.17397,0.04656,-0.02266
2029,-0.16137,0.07368,-0.02205
2030,-0.19479,0.05876,-0.0115
2031,-0.15791,0.07142,-0.00689
2032,-0.1828,0.05474,-0.01469
2033,-0.18115,0.06051,-0.00119
2034,-0.16589,0.06688,-0.00814
2035,-0.20243,0.08485,-0.018
2036,-0.19165,0.06755,-0.01383
2037,-0.1607,0.07439,0.00382
2038,-0.15268,0.06982,-0.0195
2039,-0.17503,0.06693,-0.03112
2040,-0.16648,0.08718,-0.01741
2041,-0.17096,0.06099,-0.01469
2042,-0.18206,0.08049,-0.02539
2043,-0.17302,0.07135,-0.01563
2044,-0.21131,0.07093,-0.01734
2045,-0.17905,0.07056,-0.00578
2046,-0.19794,0.07399,-0.01645
2047,-0.18909,0.07082,-0.00787
2048,-0.17208,0.06668,-0.01552
2049,-0.18565,0.08721,-0.02961
2050,-0.15592,0.04777,-0.01485
2051,-0.16899,0.07648,-0.01958
2052,-0.17379,0.04137,-0.01744
2053,-0.17936,0.02744,0.0046
2054,-0.20134,0.06307,-0.01187
2055,-0.16684,0.06123,-0.00754
2056,-0.18923,0.07015,-0.01278
2057,-0.16867,0.07586,-0.00698
2058,-0.17806,0.04237,-0.0196
2059,-0.1548,0.08054,-0.01426
2060,-0.16199,0.05296,0.0077
2061,-0.18847,0.04989,-0.00202
2062,-0.16253,0.07812,-0.01903
2063,-0.14476,0.09171,0.02086
2064,-0.18946,0.08094,-0.01174
2065,-0.17605,0.08653,-0.0022
2066,-0.16735,0.08042,-0.02298
2067,-0.19707,0.06644,-0.00738
2068,-0.18754,0.07391,-0.01744
2069,-0.17327,0.06303,-0.00891
2070,-0.16493,0.03971,-0.02816
2071,-0.19842,0.07614,-0.01188
2072,-0.16676,0.09892,-0.00929
2073,-0.12744,0.0833,0.00315
2074,-0.1622,0.0583,-0.00894
2075,-0.1628,0.0837,-0.00213
2076,-0.15509,0.06238,-0.02686
2077,-0.17731,0.06124,-0.01005
2078,-0.1811,0.04391,-0.01751
2079,-0.16565,0.06485,-0.01625
2080,-0.16714,0.05059,-0.01556
2081,-0.16751,0.05937,-0.00063
2082,-0.20431,0.05634,0.00085
2083,-0.15348,0.05534,-0.02893
2084,-0.18908,0.07346,-0.00961
2085,-0.15309,0.07245,-0.03224
2086,-0.13413,0.07564,-0.01017
2087,-0.1718,0.08923,-0.01789
2088,-0.16157,0.08501,-0.02271
2089,-0.20023,0.0808,-0.02468
2090,-0.17347,0.0699,-0.01199
2091,-0.16704,0.08516,-0.02273
2092,-0.17286,0.05389,-0.02677
2093,-0.18767,0.0958,-0.00592
2094,-0.15783,0.05116,-0.01284
2095,-0.18486,0.05432,-0.01555
2096,-0.15589,0.03727,-0.01406
2097,-0.18591,0.04112,-0.02074
2098,-0.18794,0.07158,-0.02735
2099,-0.18154,0.07009,-0.0081
2100,-0.18831,0.06535,-0.01944
2101,-0.17341,0.06696,-0.02648
2102,-0.17977,0.07735,-0.01096
2103,-0.18127,0.07637,-0.02366
2104,-0.17597,0.08848,-0.01893
2105,-0.16723,0.05239,-0.01455
2106,-0.16414,0.07643,-0.01466
2107,-0.17567,0.06433,-0.01309
2108,-0.15798,0.05338,-0.02127
2109,-0.16156,0.05792,-0.01082
2110,-0.17594,0.07293,-0.02075
2111,-0.16194,0.05963,-0.00845
2112,-0.22712,0.07236,-0.0151
2113,-0.16805,0.07986,-0.01977
2114,-0.16043,0.07553,-0.01798
2115,-0.1438,0.05255,-0.01564
2116,-0.15884,0.07695,-0.00671
2117,-0.1757,0.0855,-0.02574
2118,-0.18092,0.06387,-0.05718
2119,-0.18722,0.08164,-0.02596
2120,-0.16719,0.07618,-0.01529
2121,-0.17155,0.05226,-0.0392
2122,-0.20076,0.0581,-0.04491
2123,-0.19121,0.0774,-0.0177
2124,-0.16295,0.04444,-0.03282
2125,-0.15616,0.08556,-0.02509
2126,-0.14659,0.05121,-0.03226
2127,-0.18866,0.07559,-0.0311
2128,-0.1958,0.05186,-0.00708
2129,-0.18883,0.07999,0.00204
2130,-0.18505,0.08352,-0.05148
2131,-0.16727,0.06344,0.03345
2132,-0.1956,0.07533,-0.05644
2133,-0.1778,0.06431,0.04806
2134,-0.17199,0.09622,-0.05999
2135,-0.18423,0.06689,0.02728
2136,-0.20455,0.07623,-0.02229
2137,-0.17885,0.06442,0.00933
2138,-0.17804,0.05664,-0.02345
2139,-0.19257,0.06409,-0.00383
2140,-0.18303,0.06103,-0.02549
2141,-0.21069,0.04424,-0.01799
2142,-0.17484,0.07359,-0.03804
2143,-0.1997,0.04704,0.00746
2144,-0.1948,0.06352,-0.03673
2145,-0.19059,0.07064,-0.00701
2146,-0.20707,0.0701,-0.02934
2147,-0.18979,0.08487,-0.02156
2148,-0.18591,0.0743,-0.04016
2149,-0.1923,0.06204,-0.031
2150,-0.20204,0.04081,-0.03532
2151,-0.19565,0.08077,-0.03293
2152,-0.21316,0.07062,-0.04142
2153,-0.18649,0.04349,-0.03233
2154,-0.21257,0.06556,-0.049
2155,-0.2137,0.05663,-0.03723
2156,-0.21392,0.08282,-0.03911
2157,-0.21131,0.04468,-0.03315
2158,-0.22641,0.0619,-0.03592
2159,-0.20148,0.07653,-0.05412
2160,-0.20775,0.05055,-0.05664
2161,-0.19083,0.06318,-0.06137
2162,-0.20775,0.07527,-0.05457
2163,-0.17078,0.04092,-0.06423
2164,-0.19367,0.06358,-0.06158
2165,-0.22229,0.06873,-0.06339
2166,-0.19791,0.057,-0.07659
2167,-0.17146,0.05938,-0.05334
2168,-0.17718,0.08831,-0.07631
2169,-0.18017,0.07851,-0.05652
2170,-0.17429,0.07822,-0.0807
2171,-0.18398,0.0631,-0.07588
2172,-0.15808,0.0801,-0.05697
2173,-0.17424,0.05049,-0.06546
2174,-0.19546,0.0565,-0.07052
2175,-0.15668,0.0873,-0.06881
2176,-0.1768,0.06527,-0.06075
2177,-0.17255,0.0331,-0.05181
2178,-0.16297,0.03669,-0.06865
2179,-0.2196,0.08386,-0.05678
2180,-0.16867,0.06268,-0.0647
2181,-0.15161,0.0799,-0.05993
2182,-0.18229,0.06629,-0.0701
2183,-0.15589,0.07559,-0.03977
2184,-0.11743,0.09171,0.19815
2185,-0.04134,0.07917,0.5299
2186,-0.03262,0.14398,0.66886
2187,-0.00596,0.20966,1.03833
2188,-0.05618,0.20814,0.84992
2189,-0.0036,0.17864,1.22121
2190,0.05915,0.20513,1.4056
2191,0.0291,0.22196,1.36362
2192,0.12644,0.211,1.55263
2193,0.17228,0.21964,1.61598
2194,0.14773,0.205,1.68979
2195,0.24318,0.23817,1.85144
2196,0.2577,0.23565,1.46268
2197,0.25527,0.23745,1.17383
2198,0.20171,0.23197,0.87353
2199,0.12402,0.23294,0.73219
2200,0.08673,0.21334,0.60995
2201,0.04382,0.19793,0.67598
2202,-0.02907,0.20034,0.6249
2203,-0.09547,0.19929,0.60345
2204,-0.13964,0.1613,0.85705
2205,-0.1892,0.11888,1.20432
2206,-0.25857,0.09496,1.3329
2207,-0.26933,0.13013,1.1746
2208,-0.31782,0.1556,0.99637
2209,-0.30792,0.17993,0.88138
2210,-0.2977,0.15631,0.83335
2211,-0.27736,0.15218,0.78233
2212,-0.2523,0.14968,0.78029
2213,-0.30353,0.13692,0.71993
2214,-0.27605,0.14143,0.6829
2215,-0.22901,0.09239,0.6621
2216,-0.24157,0.10937,0.65009
2217,-0.2541,0.0889,0.66486
2218,-0.23346,0.13908,0.65808
2219,-0.23433,0.09771,0.68627
2220,-0.21439,0.14092,0.67121
2221,-0.24564,0.14032,0.69729
2222,-0.2347,0.12275,0.73774
2223,-0.25498,0.13902,0.74025
2224,-0.22803,0.11531,0.75539
2225,-0.24512,0.13331,0.78032
2226,-0.2549,0.13326,0.79538
2227,-0.25792,0.13336,0.80003
2228,-0.23525,0.14452,0.79355
2229,-0.24202,0.14573,0.77287
2230,-0.23329,0.15324,0.80148
2231,-0.23973,0.16062,0.78313
2232,-0.27991,0.15318,0.78856
2233,-0.24366,0.13799,0.79626
2234,-0.23438,0.15674,0.77961
2235,-0.24084,0.12457,0.79177
2236,-0.24424,0.12515,0.78441
2237,-0.29629,0.15927,0.778
2238,-0.26361,0.16455,0.80358
2239,-0.24975,0.16836,0.80472
2240,-0.27401,0.16058,0.78839
2241,-0.25961,0.12928,0.79743
2242,-0.28718,0.16739,0.80643
2243,-0.26955,0.14152,0.78794
2244,-0.30568,0.15359,0.79122
2245,-0.25998,0.15157,0.80075
2246,-0.28163,0.14975,0.78717
2247,-0.2884,0.13489,0.78754
2248,-0.26682,0.14956,0.79916
2249,-0.27141,0.15432,0.78605
2250,-0.28473,0.13537,0.79022
2251,-0.28207,0.14321,0.77614
2252,-0.26822,0.14046,0.77681
2253,-0.28093,0.14455,0.78392
2254,-0.28635,0.14884,0.76933
2255,-0.26372,0.13676,0.782
2256,-0.2821,0.13292,0.78208
2257,-0.28012,0.16868,0.78924
2258,-0.29592,0.15832,0.77738
2259,-0.30089,0.12235,0.77988
2260,-0.27003,0.1541,0.78408
2261,-0.29544,0.16224,0.77007
2262,-0.26963,0.16014,0.78382
2263,-0.2546,0.12916,0.78506
2264,-0.28234,0.10804,0.77121
2265,-0.26715,0.15694,0.77243
2266,-0.27583,0.12612,0.79388
2267,-0.27639,0.13013,0.78054
2268,-0.27593,0.14385,0.79802
2269,-0.26827,0.09992,0.79728
2270,-0.25975,0.13945,0.77894
2271,-0.27687,0.13981,0.77598
2272,-0.27595,0.16787,0.79028
2273,-0.27126,0.14371,0.79201
2274,-0.26389,0.13573,0.81158
2275,-0.28228,0.13578,0.79828
2276,-0.24982,0.10997,0.78611
2277,-0.31735,0.13575,0.78983
2278,-0.26098,0.14173,0.77098
2279,-0.29337,0.12267,0.78962
2280,-0.27217,0.16059,0.79064
2281,-0.28562,0.15137,0.79094
2282,-0.27541,0.15677,0.7809
2283,-0.25331,0.14537,0.78178
2284,-0.2635,0.16462,0.78636
2285,-0.26386,0.15389,0.77746
2286,-0.28503,0.13104,0.78048
2287,-0.28544,0.14165,0.78704
2288,-0.2756,0.15119,0.76626
2289,-0.31242,0.15707,0.79306
2290,-0.28558,0.13901,0.79766
2291,-0.29161,0.15246,0.77876
2292,-0.2632,0.1432,0.7799
2293,-0.28552,0.13404,0.79342
2294,-0.2933,0.14761,0.77951
2295,-0.30183,0.16158,0.78941
2296,-0.3025,0.15088,0.78371
2297,-0.25995,0.15676,0.79514
2298,-0.27068,0.15459,0.79874
2299,-0.2907,0.17098,0.78386
2300,-0.30979,0.15652,0.78498
2301,-0.26974,0.16413,0.77906
2302,-0.2883,0.09806,0.77705
2303,-0.28846,0.13098,0.77744
2304,-0.28707,0.15959,0.78496
2305,-0.24455,0.13566,0.78731
2306,-0.28638,0.13733,0.77972
2307,-0.30108,0.13075,0.77869
2308,-0.30257,0.15368,0.78763
2309,-0.29864,0.15709,0.79252
2310,-0.30424,0.15923,0.78201
2311,-0.27385,0.13541,0.78763
2312,-0.2708,0.12739,0.77896
2313,-0.28031,0.13181,0.77301
2314,-0.296,0.17572,0.78229
2315,-0.29272,0.12965,0.777
2316,-0.30309,0.16514,0.79288
2317,-0.27871,0.13529,0.79039
2318,-0.28405,0.17493,0.78688
2319,-0.3132,0.17165,0.77532
2320,-0.28225,0.12247,0.76991
2321,-0.30598,0.12126,0.77899
2322,-0.2628,0.17444,0.77314
2323,-0.28046,0.15423,0.78294
2324,-0.27409,0.13829,0.78381
2325,-0.26814,0.13589,0.7782
2326,-0.268,0.16751,0.78781
2327,-0.25686,0.17247,0.79639
2328,-0.2995,0.17724,0.78627
2329,-0.29411,0.17127,0.78937
2330,-0.2495,0.14097,0.78888
2331,-0.2888,0.15772,0.79046
2332,-0.28927,0.13434,0.78522
2333,-0.29319,0.16797,0.77103
2334,-0.28671,0.1475,0.78969
2335,-0.29911,0.16797,0.78902
2336,-0.27708,0.14524,0.78228
2337,-0.2909,0.11841,0.77917
2338,-0.30244,0.18265,0.78345
2339,-0.29517,0.1419,0.79295
2340,-0.29135,0.18803,0.78395
2341,-0.27959,0.14584,0.77947
2342,-0.26992,0.1609,0.7937
2343,-0.28057,0.1548,0.78225
2344,-0.28249,0.15512,0.78931
2345,-0.29962,0.13094,0.77981
2346,-0.31691,0.15957,0.78357
2347,-0.2966,0.18425,0.79498
2348,-0.29145,0.13595,0.80144
2349,-0.30161,0.17717,0.77393
2350,-0.30042,0.13526,0.79128
2351,-0.28105,0.16985,0.78933
2352,-0.29264,0.14596,0.77906
2353,-0.25579,0.16848,0.79412
2354,-0.31982,0.15924,0.80048
2355,-0.28979,0.18173,0.79158
2356,-0.28191,0.17502,0.79872
2357,-0.26676,0.14048,0.79073
2358,-0.29303,0.16889,0.79719
2359,-0.28992,0.16173,0.77579
2360,-0.26957,0.16372,0.80074
2361,-0.27976,0.15456,0.78864
2362,-0.29147,0.14477,0.79917
2363,-0.29558,0.15852,0.78955
2364,-0.29081,0.16235,0.77862
2365,-0.28999,0.16828,0.78681
2366,-0.28893,0.16529,0.79488
2367,-0.28051,0.1574,0.80594
2368,-0.27871,0.16478,0.79134
2369,-0.28418,0.15563,0.78378
2370,-0.2866,0.17434,0.80493
2371,-0.27891,0.1755,0.79028
2372,-0.29644,0.18588,0.77751
2373,-0.30961,0.14856,0.79911
2374,-0.29343,0.15567,0.78262
2375,-0.271,0.18244,0.78046
2376,-0.27966,0.14109,0.78052
2377,-0.26857,0.16185,0.79611
2378,-0.25217,0.14472,0.79734
2379,-0.27333,0.13283,0.78482
2380,-0.27934,0.13814,0.80519
2381,-0.27075,0.14617,0.79168
2382,-0.29343,0.11271,0.7963
2383,-0.29116,0.14189,0.8026
2384,-0.30979,0.13351,0.78346
2385,-0.29799,0.14147,0.80164
2386,-0.28652,0.1789,0.79823
2387,-0.27643,0.13146,0.79852
2388,-0.28604,0.15845,0.77908
2389,-0.28021,0.10206,0.78446
2390,-0.29825,0.12371,0.79924
2391,-0.28771,0.12602,0.7905
2392,-0.29605,0.15827,0.79152
2393,-0.2948,0.13568,0.78899
2394,-0.27683,0.1584,0.7921
2395,-0.30108,0.1355,0.80824
2396,-0.27702,0.13805,0.77379
2397,-0.30304,0.15399,0.79374
2398,-0.28633,0.13724,0.79054
2399,-0.30457,0.16546,0.79895
2400,-0.30637,0.16204,0.79315
2401,-0.2647,0.15749,0.79794
2402,-0.27379,0.12601,0.79357
2403,-0.26679,0.15375,0.79301
2404,-0.29316,0.13705,0.79193
2405,-0.30046,0.16111,0.79282
2406,-0.25862,0.13729,0.7993
2407,-0.28447,0.1308,0.78718
2408,-0.27599,0.14383,0.78541
2409,-0.29095,0.13829,0.79397
2410,-0.30152,0.17742,0.79538
2411,-0.29458,0.16713,0.80669
2412,-0.31634,0.14288,0.80372
2413,-0.299,0.16422,0.81005
2414,-0.2773,0.17775,0.79613
2415,-0.2845,0.14845,0.79214
2416,-0.28227,0.15152,0.7891
2417,-0.25969,0.16605,0.78371
2418,-0.28698,0.16632,0.805
2419,-0.29176,0.15894,0.79686
2420,-0.27763,0.15859,0.80033
2421,-0.28587,0.15831,0.79761
2422,-0.27661,0.15715,0.79965
2423,-0.29768,0.13788,0.80688
2424,-0.29134,0.14628,0.79801
2425,-0.29725,0.15592,0.78373
2426,-0.29114,0.13285,0.79087
2427,-0.27212,0.15002,0.79841
2428,-0.27971,0.16301,0.80928
2429,-0.28533,0.1568,0.79352
2430,-0.27981,0.15823,0.79588
2431,-0.29792,0.13517,0.79983
2432,-0.29884,0.13593,0.79227
2433,-0.29578,0.13183,0.79699
2434,-0.28676,0.17022,0.80161
2435,-0.32145,0.16216,0.813
2436,-0.29153,0.17806,0.80854
2437,-0.28367,0.18065,0.80954
2438,-0.27676,0.18037,0.79453
2439,-0.27271,0.13713,0.79632
2440,-0.25916,0.17729,0.79279
2441,-0.2631,0.17393,0.80059
2442,-0.2994,0.17424,0.80999
2443,-0.30414,0.13553,0.80502
2444,-0.3038,0.15718,0.79456
2445,-0.27992,0.15206,0.81008
2446,-0.29563,0.20018,0.77981
2447,-0.29262,0.21035,0.79648
2448,-0.27813,0.16699,0.78563
2449,-0.29816,0.16808,0.80009
2450,-0.30243,0.17369,0.81154
2451,-0.26655,0.16856,0.80992
2452,-0.28259,0.15313,0.79636
2453,-0.29302,0.19356,0.79697
2454,-0.30645,0.1693,0.79418
2455,-0.27778,0.1709,0.80015
2456,-0.27964,0.15507,0.7881
2457,-0.27355,0.18735,0.81096
2458,-0.27879,0.1599,0.80734
2459,-0.285,0.15765,0.80713
2460,-0.27816,0.15871,0.80155
2461,-0.2407,0.13146,0.79932
2462,-0.26674,0.19089,0.79788
2463,-0.27514,0.16492,0.79694
2464,-0.28561,0.18048,0.79126
2465,-0.25654,0.17456,0.79996
2466,-0.28283,0.14451,0.80714
2467,-0.26583,0.14225,0.80932
2468,-0.29414,0.19447,0.80068
2469,-0.30088,0.16747,0.81067
2470,-0.27712,0.1876,0.80414
2471,-0.2729,0.13894,0.79541
2472,-0.27344,0.16917,0.81076
2473,-0.2633,0.15981,0.82268
2474,-0.27568,0.17091,0.81158
2475,-0.26938,0.16773,0.80323
2476,-0.29258,0.1498,0.78677
2477,-0.26517,0.17451,0.80954
2478,-0.2825,0.15527,0.79975
2479,-0.28637,0.15496,0.80932
2480,-0.2935,0.15715,0.8045
2481,-0.27788,0.1362,0.79694
2482,-0.28536,0.15447,0.80482
2483,-0.26236,0.13953,0.82418
2484,-0.28505,0.15525,0.79832
2485,-0.27374,0.16112,0.79714
2486,-0.27863,0.15474,0.80198
2487,-0.28933,0.16963,0.82054
2488,-0.26391,0.16449,0.81029
2489,-0.29768,0.14528,0.80339
2490,-0.27345,0.16446,0.80021
2491,-0.28433,0.17466,0.7941
2492,-0.29066,0.16288,0.81304
2493,-0.2949,0.16082,0.80033
2494,-0.29394,0.16789,0.81814
2495,-0.27911,0.18444,0.80534
2496,-0.29267,0.16189,0.79729
2497,-0.31214,0.16776,0.81267
2498,-0.24989,0.15456,0.80715
2499,-0.27677,0.14289,0.80753
2500,-0.28392,0.17092,0.79983
2501,-0.2682,0.17768,0.79624
2502,-0.27321,0.16998,0.81891
2503,-0.29214,0.13073,0.79479
2504,-0.27667,0.17447,0.79969
2505,-0.26559,0.16411,0.78574
2506,-0.26689,0.16935,0.79148
2507,-0.29738,0.18073,0.80006
2508,-0.29421,0.13963,0.79476
2509,-0.27886,0.1651,0.80282
2510,-0.27858,0.14191,0.80941
2511,-0.27749,0.15768,0.79948
2512,-0.29531,0.15244,0.80851
2513,-0.26509,0.14435,0.80008
2514,-0.27719,0.18117,0.78961
2515,-0.28004,0.14983,0.81389
2516,-0.29591,0.17305,0.79784
2517,-0.28374,0.1547,0.79558
2518,-0.27066,0.16438,0.78738
2519,-0.26742,0.17526,0.79768
2520,-0.27769,0.14164,0.82232
2521,-0.26288,0.15414,0.81861
2522,-0.27904,0.14435,0.81258
2523,-0.2773,0.17067,0.79557
2524,-0.27383,0.14371,0.79604
2525,-0.27474,0.16468,0.80595
2526,-0.24772,0.15343,0.79361
2527,-0.28689,0.15488,0.80287
2528,-0.27893,0.13818,0.81624
2529,-0.27231,0.1656,0.79535
2530,-0.27428,0.19554,0.80123
2531,-0.28253,0.20161,0.79836
2532,-0.2951,0.14621,0.81598
2533,-0.29854,0.16672,0.8089
2534,-0.30413,0.18466,0.79101
2535,-0.29025,0.17318,0.79661
2536,-0.26111,0.1539,0.8099
2537,-0.29067,0.18117,0.81037
2538,-0.27802,0.13075,0.78731
2539,-0.28682,0.16096,0.80248
2540,-0.28592,0.19213,0.79906
2541,-0.29613,0.17468,0.80246
2542,-0.30231,0.18076,0.79768
2543,-0.30778,0.13726,0.79869
2544,-0.28198,0.141,0.81403
2545,-0.27565,0.1634,0.81311
2546,-0.30251,0.17817,0.80084
2547,-0.28038,0.1609,0.79985
2548,-0.27116,0.17085,0.80078
2549,-0.29358,0.16197,0.80715
2550,-0.2924,0.1744,0.80115
2551,-0.25675,0.15156,0.80077
2552,-0.28905,0.16014,0.80852
2553,-0.27331,0.17033,0.78891
2554,-0.28033,0.16067,0.79954
2555,-0.25913,0.14866,0.79624
2556,-0.27699,0.14136,0.80975
2557,-0.26438,0.14175,0.81671
2558,-0.26078,0.14316,0.803
2559,-0.28624,0.16416,0.81141
2560,-0.26566,0.17108,0.79909
2561,-0.29499,0.16604,0.80004
2562,-0.3274,0.16539,0.811
2563,-0.28793,0.15515,0.80669
2564,-0.29926,0.15051,0.79619
2565,-0.28861,0.18526,0.80759
2566,-0.29666,0.16869,0.8084
2567,-0.29526,0.16332,0.80367
2568,-0.29378,0.17594,0.80951
2569,-0.26459,0.17378,0.81334
2570,-0.28621,0.16504,0.81071
2571,-0.28234,0.1667,0.80534
2572,-0.3017,0.155,0.80165
2573,-0.28648,0.1396,0.82118
2574,-0.29172,0.16506,0.80737
2575,-0.30427,0.15322,0.80554
2576,-0.28736,0.15766,0.79238
2577,-0.29583,0.15274,0.8
2578,-0.30574,0.1729,0.81664
2579,-0.28781,0.15672,0.8241
2580,-0.30721,0.15123,0.81312
2581,-0.28943,0.17137,0.80337
2582,-0.30779,0.15942,0.81144
2583,-0.28901,0.18728,0.81982
2584,-0.31547,0.15073,0.79637
2585,-0.2918,0.16884,0.80484
2586,-0.27658,0.14797,0.81625
2587,-0.29251,0.17005,0.78976
2588,-0.27691,0.1868,0.80222
2589,-0.29623,0.16826,0.81266
2590,-0.30272,0.13941,0.80641
2591,-0.30291,0.17765,0.80118
2592,-0.28364,0.14091,0.79792
2593,-0.29642,0.15895,0.81465
2594,-0.32361,0.17209,0.79438
2595,-0.28107,0.1611,0.80095
2596,-0.29212,0.15691,0.80815
2597,-0.27227,0.15757,0.8182
2598,-0.28934,0.15081,0.7999
2599,-0.27233,0.16679,0.80552
2600,-0.26457,0.15482,0.80818
2601,-0.27524,0.16385,0.78928
2602,-0.27513,0.17215,0.79988
2603,-0.2859,0.16724,0.8112
2604,-0.29207,0.14255,0.80469
2605,-0.30331,0.14042,0.79838
2606,-0.28724,0.16197,0.78809
2607,-0.30406,0.1645,0.8048
2608,-0.29385,0.16109,0.80322
2609,-0.25945,0.13585,0.79595
2610,-0.29283,0.17258,0.82784
2611,-0.29679,0.18634,0.7962
2612,-0.29469,0.19639,0.80513
2613,-0.24528,0.15056,0.79135
2614,-0.30423,0.18335,0.81315
2615,-0.28394,0.16554,0.81582
2616,-0.27809,0.17934,0.79962
2617,-0.28542,0.17716,0.81282
2618,-0.29143,0.16789,0.80712
2619,-0.26414,0.14433,0.80541
2620,-0.2853,0.15909,0.78784
2621,-0.29027,0.16534,0.80229
2622,-0.25826,0.177,0.79953
2623,-0.27266,0.15509,0.80728
2624,-0.29232,0.1675,0.80193
2625,-0.2736,0.17838,0.80849
2626,-0.26859,0.15949,0.79386
2627,-0.30959,0.159,0.80642
2628,-0.30322,0.15187,0.80788
2629,-0.28522,0.14899,0.80983
2630,-0.29317,0.15448,0.82137
2631,-0.30102,0.15177,0.8141
2632,-0.3135,0.15171,0.81351
2633,-0.31069,0.12537,0.81023
2634,-0.31259,0.17513,0.82251
2635,-0.29973,0.1463,0.82446
2636,-0.29933,0.17221,0.80881
2637,-0.3062,0.1796,0.80435
2638,-0.26904,0.16855,0.80839
2639,-0.30654,0.17415,0.797
2640,-0.27091,0.15778,0.80186
2641,-0.31337,0.17053,0.8245
2642,-0.27233,0.15364,0.80382
2643,-0.30249,0.1673,0.80033
2644,-0.30607,0.16196,0.81916
2645,-0.28516,0.16184,0.80889
2646,-0.30973,0.16812,0.79097
2647,-0.28233,0.15336,0.79741
2648,-0.26069,0.16032,0.82451
2649,-0.28699,0.16547,0.79944
2650,-0.30016,0.15906,0.79822
2651,-0.31182,0.181,0.80591
2652,-0.29122,0.18579,0.79774
2653,-0.2956,0.16055,0.8128
2654,-0.28257,0.12987,0.79377
2655,-0.28948,0.15125,0.79944
2656,-0.30014,0.19559,0.82291
2657,-0.30623,0.15123,0.83042
2658,-0.29863,0.12742,0.81929
2659,-0.28085,0.14524,0.80588
2660,-0.29235,0.1592,0.79994
2661,-0.27538,0.17284,0.79106
2662,-0.27161,0.17352,0.81755
2663,-0.29737,0.12679,0.82657
2664,-0.27372,0.1495,0.80037
2665,-0.30498,0.15536,0.81119
2666,-0.27972,0.15553,0.80248
2667,-0.30248,0.14295,0.7988
2668,-0.30324,0.16953,0.81063
2669,-0.29664,0.17603,0.80276
2670,-0.27433,0.13412,0.80324
2671,-0.30712,0.16058,0.80419
2672,-0.29618,0.1596,0.819
2673,-0.30835,0.14899,0.81336
2674,-0.28832,0.13674,0.80973
2675,-0.29382,0.15403,0.80889
2676,-0.27771,0.14317,0.80899
2677,-0.29257,0.16736,0.81281
2678,-0.29212,0.15749,0.80039
2679,-0.27285,0.13496,0.81661
2680,-0.28289,0.14125,0.80165
2681,-0.30116,0.14302,0.80204
2682,-0.2989,0.16154,0.81719
2683,-0.2958,0.17679,0.80728
2684,-0.2943,0.19721,0.8201
2685,-0.27935,0.14568,0.80154
2686,-0.26391,0.16139,0.80386
2687,-0.26861,0.1609,0.79843
2688,-0.30094,0.16759,0.82775
2689,-0.29517,0.12108,0.80387
2690,-0.2699,0.16809,0.80994
2691,-0.25396,0.17929,0.79847
2692,-0.30514,0.15289,0.81304
2693,-0.25809,0.15337,0.80225
2694,-0.31152,0.17309,0.81634
2695,-0.2934,0.15267,0.79608
2696,-0.27343,0.16814,0.80767
2697,-0.28308,0.1784,0.80188
2698,-0.27371,0.16503,0.82352
2699,-0.26729,0.16958,0.80774
2700,-0.27611,0.16201,0.82147
2701,-0.28871,0.13711,0.79547
2702,-0.28991,0.15656,0.81047
2703,-0.29509,0.16935,0.80556
2704,-0.28843,0.14253,0.79533
2705,-0.30376,0.10935,0.82073
2706,-0.30615,0.15751,0.80192
2707,-0.29638,0.14841,0.80095
2708,-0.30832,0.16332,0.81148
2709,-0.27827,0.17541,0.818
2710,-0.27693,0.14426,0.81558
2711,-0.30205,0.16792,0.81745
2712,-0.26398,0.17035,0.80297
2713,-0.25694,0.16467,0.81499
2714,-0.29571,0.16546,0.80324
2715,-0.274,0.18269,0.81075
2716,-0.29339,0.15438,0.80947
2717,-0.27861,0.12534,0.822
2718,-0.30997,0.17321,0.7988
2719,-0.28359,0.13766,0.81983
2720,-0.29528,0.15604,0.8169
2721,-0.27078,0.14109,0.81582
2722,-0.26961,0.16643,0.81178
2723,-0.27644,0.16456,0.81916
2724,-0.30784,0.15532,0.81064
2725,-0.28431,0.1217,0.81426
2726,-0.27431,0.13913,0.79854
2727,-0.30035,0.16342,0.80522
2728,-0.28299,0.14105,0.81426
2729,-0.25509,0.16395,0.815
2730,-0.27878,0.16273,0.81259
2731,-0.27007,0.17323,0.80798
2732,-0.27161,0.17206,0.80515
2733,-0.27941,0.15418,0.81359
2734,-0.28013,0.14499,0.81743
2735,-0.27214,0.14176,0.80727
2736,-0.27728,0.15628,0.80977
2737,-0.25995,0.17978,0.81601
2738,-0.28112,0.14865,0.8034
2739,-0.27412,0.16157,0.81032
2740,-0.27436,0.16772,0.8241
2741,-0.27902,0.18764,0.80573
2742,-0.29689,0.1678,0.81818
2743,-0.28722,0.15746,0.80412
2744,-0.27575,0.13783,0.80372
2745,-0.26786,0.16406,0.81943
2746,-0.28915,0.15901,0.80345
2747,-0.25733,0.1484,0.81996
2748,-0.2917,0.16651,0.80582
2749,-0.28273,0.15912,0.81631
2750,-0.27165,0.17161,0.79993
2751,-0.28024,0.16853,0.80591
2752,-0.29909,0.16145,0.80364
2753,-0.26343,0.16734,0.80748
2754,-0.28532,0.17896,0.81901
2755,-0.30205,0.14078,0.82329
2756,-0.26987,0.15412,0.81687
2757,-0.27729,0.17137,0.82269
2758,-0.28183,0.15548,0.81827
2759,-0.29077,0.15388,0.812
2760,-0.27651,0.16866,0.82575
2761,-0.27499,0.15404,0.80778
2762,-0.27867,0.18153,0.81536
2763,-0.25633,0.14367,0.81719
2764,-0.27933,0.15835,0.80967
2765,-0.2438,0.16402,0.82473
2766,-0.26853,0.16118,0.83208
2767,-0.26681,0.15515,0.81462
2768,-0.2437,0.15451,0.81688
2769,-0.27683,0.17094,0.81564
2770,-0.25439,0.1699,0.82937
2771,-0.26636,0.1658,0.8178
2772,-0.2707,0.16016,0.81505
2773,-0.24823,0.15118,0.80198
2774,-0.28761,0.1456,0.81624
2775,-0.28398,0.16791,0.81643
2776,-0.29961,0.16997,0.82658
2777,-0.2764,0.16991,0.82575
2778,-0.26467,0.1512,0.8179
2779,-0.30516,0.14989,0.80453
2780,-0.28,0.14211,0.82239
2781,-0.30541,0.17554,0.81462
2782,-0.29121,0.10869,0.8242
2783,-0.25464,0.13937,0.81994
2784,-0.27338,0.1413,0.81255
2785,-0.29022,0.15858,0.80384
2786,-0.29643,0.16149,0.81431
2787,-0.29004,0.16829,0.80525
2788,-0.29943,0.16546,0.80746
2789,-0.28136,0.13272,0.82119
2790,-0.29595,0.16972,0.8087
2791,-0.25899,0.1377,0.81234
2792,-0.30002,0.15437,0.81971
2793,-0.28939,0.1633,0.81065
2794,-0.30103,0.15751,0.81251
2795,-0.28714,0.17753,0.82142
2796,-0.28805,0.14123,0.8115
2797,-0.27258,0.17411,0.8291
2798,-0.30323,0.15305,0.81094
2799,-0.28017,0.15159,0.80691
2800,-0.2732,0.15359,0.80026
2801,-0.30527,0.14136,0.80963
2802,-0.30496,0.14798,0.80993
2803,-0.27706,0.17472,0.80887
2804,-0.28138,0.14851,0.8239
2805,-0.26625,0.17085,0.81984
2806,-0.27512,0.14433,0.81234
2807,-0.25679,0.15935,0.81719
2808,-0.27985,0.18446,0.81488
2809,-0.26668,0.1856,0.79858
2810,-0.27492,0.13716,0.81406
2811,-0.27952,0.17792,0.80643
2812,-0.26599,0.14646,0.81186
2813,-0.27109,0.16366,0.81475
2814,-0.28687,0.17774,0.8113
2815,-0.28485,0.12804,0.80417
2816,-0.26141,0.18039,0.8167
2817,-0.28249,0.17066,0.81453
2818,-0.26344,0.18193,0.80866
2819,-0.28303,0.18731,0.80302
2820,-0.27575,0.15739,0.8112
2821,-0.29155,0.14017,0.8011
2822,-0.26988,0.1412,0.81208
2823,-0.28726,0.15694,0.81091
2824,-0.27834,0.15505,0.81788
2825,-0.29009,0.16394,0.80777
2826,-0.28787,0.15219,0.81029
2827,-0.28441,0.14886,0.81018
2828,-0.27394,0.13067,0.81641
2829,-0.25945,0.16167,0.80883
2830,-0.26718,0.14802,0.81357
2831,-0.30617,0.17167,0.80844
2832,-0.27165,0.14773,0.80406
2833,-0.29485,0.17893,0.82562
2834,-0.28563,0.15227,0.80572
2835,-0.28534,0.13121,0.80138
2836,-0.28936,0.15869,0.8039
2837,-0.29152,0.1516,0.81285
2838,-0.30321,0.1339,0.8149
2839,-0.28072,0.17559,0.8012
2840,-0.26175,0.17172,0.79942
2841,-0.28566,0.14997,0.83074
2842,-0.26553,0.1656,0.81867
2843,-0.29424,0.16193,0.79959
2844,-0.27639,0.15117,0.80285
2845,-0.29538,0.14062,0.8101
2846,-0.28216,0.16139,0.81708
2847,-0.28632,0.1842,0.82345
2848,-0.27284,0.15783,0.81305
2849,-0.27364,0.16149,0.81891
2850,-0.27038,0.16197,0.81814
2851,-0.29287,0.16163,0.80443
2852,-0.28983,0.16235,0.8059
2853,-0.27413,0.15495,0.81782
2854,-0.28334,0.16447,0.81716
2855,-0.28519,0.13145,0.80904
2856,-0.25523,0.14628,0.82654
2857,-0.26922,0.13615,0.81563
2858,-0.27026,0.13403,0.81367
2859,-0.25581,0.1735,0.81891
2860,-0.27106,0.16854,0.81203
2861,-0.29412,0.14107,0.81311
2862,-0.30011,0.14972,0.8052
2863,-0.28625,0.16865,0.82479
2864,-0.28365,0.14845,0.80964
2865,-0.27242,0.17553,0.81344
2866,-0.25358,0.13023,0.81356
2867,-0.30023,0.14676,0.82544
2868,-0.26372,0.17546,0.81888
2869,-0.27243,0.13494,0.81762
2870,-0.31448,0.14668,0.79633
2871,-0.31072,0.1601,0.79115
2872,-0.28869,0.1417,0.81931
2873,-0.27917,0.15916,0.80865
2874,-0.26684,0.14822,0.79208
2875,-0.26675,0.15469,0.82022
2876,-0.28387,0.13606,0.81127
2877,-0.27436,0.14263,0.8308
2878,-0.2826,0.15502,0.79441
2879,-0.30592,0.1338,0.81228
2880,-0.26896,0.1432,0.7959
2881,-0.286,0.14095,0.80689
2882,-0.25913,0.16228,0.8247
2883,-0.26215,0.13242,0.81129
2884,-0.28663,0.13868,0.82485
2885,-0.29243,0.16136,0.79621
2886,-0.27196,0.1308,0.82468
2887,-0.28201,0.16307,0.80656
2888,-0.27605,0.14844,0.81797
2889,-0.28955,0.16305,0.82308
2890,-0.30046,0.18055,0.80429
2891,-0.25821,0.14455,0.80825
2892,-0.2691,0.14861,0.80617
2893,-0.28442,0.1568,0.79998
2894,-0.24594,0.13569,0.79948
2895,-0.2731,0.14582,0.80854
2896,-0.28615,0.17834,0.81286
2897,-0.27607,0.16535,0.80548
2898,-0.27036,0.17492,0.82292
2899,-0.27491,0.16552,0.80714
2900,-0.27031,0.13566,0.81716
2901,-0.28499,0.12468,0.81793
2902,-0.27703,0.13477,0.82383
2903,-0.26305,0.14561,0.81857
2904,-0.29585,0.17968,0.80802
2905,-0.26192,0.16586,0.81072
2906,-0.29167,0.16538,0.81201
2907,-0.28341,0.12686,0.80809
2908,-0.28113,0.16935,0.8121
2909,-0.26763,0.1599,0.80806
2910,-0.26342,0.13982,0.81955
2911,-0.27223,0.1459,0.81526
2912,-0.27749,0.14109,0.80667
2913,-0.28452,0.15819,0.81835
2914,-0.28186,0.13862,0.82449
2915,-0.27718,0.16638,0.82423
2916,-0.27977,0.13457,0.82495
2917,-0.3074,0.15173,0.81754
2918,-0.28653,0.13786,0.82698
2919,-0.30051,0.15347,0.80453
2920,-0.26039,0.16774,0.81691
2921,-0.29304,0.154,0.82136
2922,-0.26652,0.13373,0.82675
2923,-0.27554,0.16449,0.82094
2924,-0.29515,0.1784,0.80989
2925,-0.28598,0.14736,0.80915
2926,-0.30038,0.13473,0.82132
2927,-0.2729,0.1638,0.812
2928,-0.28127,0.13782,0.81964
2929,-0.2756,0.13555,0.80822
2930,-0.26697,0.15176,0.79637
2931,-0.30093,0.14481,0.81672
2932,-0.26918,0.17094,0.8257
2933,-0.28187,0.14855,0.79046
2934,-0.29797,0.13469,0.81814
2935,-0.26973,0.14042,0.83426
2936,-0.2918,0.145,0.8171
2937,-0.29502,0.14902,0.83642
2938,-0.28543,0.14995,0.80677
2939,-0.26928,0.1476,0.80673
2940,-0.30674,0.16467,0.8115
2941,-0.29659,0.1736,0.8121
2942,-0.28348,0.1378,0.81167
2943,-0.2599,0.13595,0.81651
2944,-0.27671,0.14809,0.81
2945,-0.2962,0.16192,0.8103
2946,-0.27573,0.18212,0.8033
2947,-0.28671,0.1675,0.80481
2948,-0.30157,0.15621,0.81004
2949,-0.28554,0.15987,0.80693
2950,-0.28109,0.16183,0.81315
2951,-0.26261,0.18118,0.80386
2952,-0.30561,0.17137,0.79378
2953,-0.2665,0.17187,0.8075
2954,-0.28199,0.16191,0.80808
2955,-0.27816,0.15958,0.81351
2956,-0.30849,0.14645,0.80443
2957,-0.28693,0.19231,0.80973
2958,-0.27592,0.1574,0.81885
2959,-0.25801,0.1905,0.81056
2960,-0.29279,0.17277,0.80327
2961,-0.25342,0.19244,0.8064
2962,-0.28651,0.151,0.83397
2963,-0.28313,0.16551,0.8066
2964,-0.30155,0.16936,0.82391
2965,-0.29022,0.17502,0.8238
2966,-0.27664,0.14502,0.80577
2967,-0.29766,0.16139,0.82201
2968,-0.28186,0.16194,0.81427
2969,-0.2765,0.13653,0.79583
2970,-0.27402,0.17273,0.81794
2971,-0.30131,0.16148,0.80596
2972,-0.26228,0.16729,0.82829
2973,-0.30551,0.16073,0.79905
2974,-0.28283,0.17192,0.8144
2975,-0.29285,0.14335,0.8258
2976,-0.27968,0.17394,0.80807
2977,-0.26902,0.14123,0.82923
2978,-0.26872,0.16135,0.8039
2979,-0.28938,0.186,0.80808
2980,-0.27349,0.15255,0.83236
2981,-0.25832,0.17791,0.80931
2982,-0.2929,0.14418,0.82076
2983,-0.24788,0.19177,0.82408
2984,-0.30345,0.17237,0.80786
2985,-0.28635,0.16262,0.81029
2986,-0.29594,0.1509,0.80894
2987,-0.29867,0.15715,0.82292
2988,-0.31082,0.16565,0.80858
2989,-0.28722,0.17144,0.809
2990,-0.28568,0.1319,0.81203
2991,-0.29379,0.12637,0.7966
2992,-0.27318,0.16198,0.81713
2993,-0.29717,0.14522,0.81549
2994,-0.29321,0.12032,0.81305
2995,-0.27179,0.17114,0.81282
2996,-0.30821,0.17937,0.81998
2997,-0.28968,0.19347,0.80996
2998,-0.28325,0.17101,0.82316
2999,-0.27222,0.19269,0.80967
3000,-0.28902,0.16947,0.81725
